,TOAN,VAN,LY,HOA,SINH,SU,DIA,GDCD,NGOAINGU,CODE_NGOAINGU,groupCode,HKTN,HKXH,A00,B00,C00,D01,A01
0,8.20,7,8,8.50,7.75,,,,8.20,N1,02,24.30,,24.70,24.50,,23.40,24.40
1,8.80,7,,,,7.75,8,9,9.80,N1,02,,24.80,,,22.80,25.60,
2,7.80,6.50,,,,7.75,7.25,9.25,9.20,N6,02,,24.30,,,21.50,23.50,
3,6.60,7,,,,6,7.50,9.25,9.60,N1,02,,22.80,,,20.50,23.20,
4,8,6.75,5.75,8,7.25,,,,8.60,N1,02,21.00,,21.80,23.30,,23.40,22.40
5,7.80,6.50,,,,6.75,6.50,8.25,8.80,N1,02,,21.50,,,19.80,23.10,
6,8.20,6,5.50,7.25,4.75,,,,5,N1,02,17.50,,21.00,20.20,,19.20,18.70
7,7.60,5.50,6.25,7,5.25,,,,9,N1,02,18.50,,20.90,19.90,,22.10,22.90
8,7.60,7.25,6.50,8.25,5.75,,,,9,N1,02,20.50,,22.40,21.60,,23.90,23.10
9,7.40,7.50,,,,7.25,7,8,9.20,N1,02,,22.30,,,21.80,24.10,
10,7.60,7.50,5.75,6.25,5.75,,,,8.80,N1,02,17.80,,19.60,19.60,,23.90,22.20
11,8.40,5.25,8.25,4.75,4.75,,,,9.40,N1,02,17.80,,21.40,17.90,,23.10,26.10
12,8.40,8,5,8,7.50,,,,7.60,N1,02,20.50,,21.40,23.90,,24.00,21.00
13,7,7.75,6.50,6.25,6,,,,8.60,N1,02,18.80,,19.80,19.30,,23.40,22.10
14,8.40,5.75,7.25,7.25,6,,,,9.20,N1,02,20.50,,22.90,21.70,,23.40,24.90
15,8,7.75,6.25,8.25,7.75,,,,9.20,N1,02,22.30,,22.50,24.00,,25.00,23.50
16,7.20,7.50,6.50,7,5.25,,,,8.20,N1,02,18.80,,20.70,19.50,,22.90,21.90
17,8.80,8,,,,5.75,5.50,9,9.40,N1,02,,20.30,,,19.30,26.20,
18,7.80,7,7.75,8.25,6.75,,,,9.60,N1,02,22.80,,23.80,22.80,,24.40,25.20
19,8.40,6.50,5.75,6.50,4.50,,,,8.80,N1,02,16.80,,20.70,19.40,,23.70,23.00
20,8.40,8,,,,7.50,9,10,9.20,N1,02,,26.50,,,24.50,25.60,
21,7.40,7.25,,,,7.75,7.25,9.50,9.80,N1,02,,24.50,,,22.30,24.50,
22,7.20,7.75,5.50,7.50,3.50,,,,7.60,N1,02,16.50,,20.20,18.20,,22.50,20.30
23,5.60,6.75,,,,6.50,7.75,10,9,N1,02,,24.30,,,21.00,21.40,
24,7.80,7.50,6,7.25,4.25,,,,9.40,N1,02,17.50,,21.10,19.30,,24.70,23.20
25,7.80,4.25,5.25,4.25,3.75,,,,8.60,N1,02,13.30,,17.30,15.80,,20.70,21.70
26,8.40,6.75,7.75,6.25,5.75,,,,9.80,N1,02,19.80,,22.40,20.40,,25.00,26.00
27,4.60,7.50,,,,2.75,6.50,5.75,6,N1,02,,15.00,,,16.80,18.10,
28,7.60,6.75,8,8.25,4.25,,,,,,02,20.50,,23.90,20.10,,,
29,8,7.25,,,,4.75,6.50,8,8,N1,02,,19.30,,,18.50,23.30,
30,8.60,6.75,6.50,7,6,,,,8.60,N1,02,19.50,,22.10,21.60,,24.00,23.70
31,7.60,3.75,8.25,7.25,4.50,,,,5.80,N1,02,20.00,,23.10,19.40,,17.20,21.70
32,7.80,7,3,4.50,4.25,,,,9.40,N1,02,11.80,,15.30,16.60,,24.20,20.20
33,7.40,7.50,4,6.50,7.25,,,,7.40,N1,02,17.80,,17.90,21.20,,22.30,18.80
34,8.40,5.25,6.75,6.50,5.25,,,,9.80,N1,02,18.50,,21.70,20.20,,23.50,25.00
35,8,7,,,,4.25,5.75,8.25,9.20,N1,02,,18.30,,,17.00,24.20,
36,8.60,5.75,6.75,7.75,4,,,,6,N1,02,18.50,,23.10,20.40,,20.40,21.40
37,8.20,7.25,7.75,6.50,5.75,,,,8.80,N1,02,20.00,,22.50,20.50,,24.30,24.80
38,6.60,6.50,,,,3.75,5.50,8.50,8,N6,02,,17.80,,,15.80,21.10,
39,8,7.50,7.50,7.25,7.25,,,,9.40,N1,02,22.00,,22.80,22.50,,24.90,24.90
40,8.60,5,6.75,5.25,4.50,,,,8.80,N1,02,16.50,,20.60,18.40,,22.40,24.20
41,8.80,5.50,7,7.25,5.50,,,,8.20,N1,02,19.80,,23.10,21.60,,22.50,24.00
42,8,6.75,7,8,4,,,,6.20,N1,02,19.00,,23.00,20.00,,21.00,21.20
43,8.40,5.75,6.50,7.75,6.25,,,,9.80,N1,02,20.50,,22.70,22.40,,24.00,24.70
44,7.60,5.75,7,6.50,5,,,,9,N1,02,18.50,,21.10,19.10,,22.40,23.60
45,8.40,5.25,6.25,8,5.25,,,,9.40,N1,02,19.50,,22.70,21.70,,23.10,24.10
46,7.80,3.75,7.25,7,3.25,,,,9.60,N1,02,17.50,,22.10,18.10,,21.20,24.70
47,8.20,5,8.25,7.75,5,,,,8.40,N1,02,21.00,,24.20,21.00,,21.60,24.90
48,8.80,6.75,7.75,9,4.75,,,,7.20,N1,02,21.50,,25.60,22.60,,22.80,23.80
49,8.60,7.50,8.50,8,8.75,,,,8.80,N1,02,25.30,,25.10,25.40,,24.90,25.90
50,7.20,5.50,6.50,6.25,4.25,,,,8.80,N1,02,17.00,,20.00,17.70,,21.50,22.50
51,9.80,6.25,8,9,5,,,,8.80,N1,02,22.00,,26.80,23.80,,24.90,26.60
52,7.40,7.50,5.25,6.50,5.25,,,,,,02,17.00,,19.20,19.20,,,
53,8,5.25,7.50,6.75,6,,,,9.40,N1,02,20.30,,22.30,20.80,,22.70,24.90
54,7.20,7.25,,,,5.50,7.75,8.25,8.60,N1,02,,21.50,,,20.50,23.00,
55,6,8,,,,3.75,7.25,8.50,9.60,N1,02,,19.50,,,19.00,23.60,
56,8.40,7.25,5.75,8.50,7.25,,,,7.20,N1,02,21.50,,22.70,24.20,,22.90,21.40
57,7.60,7.75,,,,7,6.50,8,9,N1,02,,21.50,,,21.30,24.40,
58,8.60,7.25,6.50,8.25,9,,,,9,N1,02,23.80,,23.40,25.90,,24.90,24.10
59,7.80,7.25,,,,3.50,7.25,8,8.40,N1,02,,18.80,,,18.00,23.50,
60,7.60,7.75,5.75,6.50,6,,,,9.60,N1,02,18.30,,19.90,20.10,,25.00,23.00
61,6.20,8,,,,9,9,8.75,9,N1,02,,26.80,,,26.00,23.20,
62,6.80,6.25,,,,4.75,6.75,6.75,9.40,N1,02,,18.30,,,17.80,22.50,
63,7.20,7,,,,7.75,7.25,6.75,9.60,N1,02,,21.80,,,22.00,23.80,
64,9,7.50,6.25,6.50,5.75,,,,8.80,N1,02,18.50,,21.80,21.30,,25.30,24.10
65,7.20,7,7.75,6.75,4.25,,,,9.60,N1,02,18.80,,21.70,18.20,,23.80,24.50
66,8.40,6.75,,,,5.25,6.50,8.75,9,N1,02,,20.50,,,18.50,24.20,
67,8,6.50,6.75,8.25,6.75,,,,9,N1,02,21.80,,23.00,23.00,,23.50,23.80
68,8.80,8,7.75,7.75,5.75,,,,9,N1,02,21.30,,24.30,22.30,,25.80,25.60
69,6.80,7,,,,6.25,7.50,8.50,9.60,N1,02,,22.30,,,20.80,23.40,
70,5.40,4.50,,,,5,6.75,9.75,8.40,N1,02,,21.50,,,16.30,18.30,
71,8.40,7.25,7,8.75,7.75,,,,7.80,N1,02,23.50,,24.20,24.90,,23.50,23.20
72,8.40,7.25,8,8,6.50,,,,,,02,22.50,,24.40,22.90,,,
73,8.40,7,8.25,7.50,6.75,,,,6.20,N1,02,22.50,,24.20,22.70,,21.60,22.80
74,9,4.50,8,3.75,4.50,,,,9.20,N1,02,16.30,,20.80,17.30,,22.70,26.20
75,7.20,5.25,7.50,7,6.25,,,,9.20,N1,02,20.80,,21.70,20.50,,21.70,23.90
76,8.20,8.25,,,,8.50,7.50,9.50,10,N1,02,,25.50,,,24.30,26.50,
77,7,6.50,,,,6,7.50,9.50,9,N1,02,,23.00,,,20.00,22.50,
78,8.40,6.75,7,3,6,,,,7.60,N1,02,16.00,,18.40,17.40,,22.80,23.00
79,8.40,6,4,4,5.50,,,,9,N1,02,13.50,,16.40,17.90,,23.40,21.40
80,8.20,5,8.50,5,4.25,,,,9,N1,02,17.80,,21.70,17.50,,22.20,25.70
81,7.60,6.75,6.75,7,4,,,,8.80,N1,02,17.80,,21.40,18.60,,23.20,23.20
82,8.20,6.50,6,4.75,4.75,,,,10,N1,02,15.50,,19.00,17.70,,24.70,24.20
83,7.60,6.75,5.50,7.25,7,,,,8.60,N1,02,19.80,,20.40,21.90,,23.00,21.70
84,7.80,8.25,,,,6,5.50,8.75,9,N1,02,,20.30,,,19.80,25.10,
85,7.80,8,5.75,6.75,5.25,,,,9.20,N1,02,17.80,,20.30,19.80,,25.00,22.80
86,8.60,7,8.25,8,5.50,,,,7.40,N1,02,21.80,,24.90,22.10,,23.00,24.30
87,8,5.75,8.75,8.25,5.50,,,,9.20,N1,02,22.50,,25.00,21.80,,23.00,26.00
88,8.80,6.75,8.75,7.75,3.25,,,,9,N1,02,19.80,,25.30,19.80,,24.60,26.60
89,7.60,7.50,7.50,5.50,5.50,,,,9,N1,02,18.50,,20.60,18.60,,24.10,24.10
90,8,6.75,5.50,6.25,7.25,,,,8.80,N1,02,19.00,,19.80,21.50,,23.60,22.30
91,8,6.33,6.75,7,6.25,,,,9.40,N1,02,20.00,,21.80,21.30,,23.70,24.20
92,7.80,5.75,7.75,6.75,5.50,,,,,,02,20.00,,22.30,20.10,,,
93,8.40,6.50,3.75,8.25,3.25,,,,9.20,N1,02,15.30,,20.40,19.90,,24.10,21.40
94,7.40,6.75,,,,5.50,6,8,8,N1,02,,19.50,,,18.30,22.20,
95,8.20,7.75,,,,6.50,7.75,8,8.40,N1,02,,22.30,,,22.00,24.40,
96,8.60,7.75,6,8.50,9.75,,,,8.80,N1,02,24.30,,23.10,26.90,,25.20,23.40
97,8.40,7,,,,5.25,6.75,7.50,8,N1,02,,19.50,,,19.00,23.40,
98,8.40,8,7.75,7.75,4,,,,8,N1,02,19.50,,23.90,20.20,,24.40,24.20
99,8.20,5.75,8.25,7.75,4.50,,,,6.40,N1,02,20.50,,24.20,20.50,,20.40,22.90
100,8.60,7,7.50,8.25,5,,,,7.60,N1,02,20.80,,24.40,21.90,,23.20,23.70
101,7.40,4,5.25,3.75,5,,,,9.80,N1,02,14.00,,16.40,16.20,,21.20,22.50
102,7.80,7.25,5.25,6.50,4.25,,,,9.20,N1,02,16.00,,19.60,18.60,,24.30,22.30
103,5.60,6.50,,,,5.25,7.50,8.50,6.60,N1,02,,21.30,,,19.30,18.70,
104,8.80,7,8.25,6.25,6,,,,9.60,N1,02,20.50,,23.30,21.10,,25.40,26.70
105,8.40,7.25,,,,5.75,6.75,7.50,9.40,N1,02,,20.00,,,19.80,25.10,
106,8.40,6.75,6.50,7.50,5.75,,,,9.40,N1,02,19.80,,22.40,21.70,,24.60,24.30
107,8,7.75,6.75,7.25,4.50,,,,9.20,N1,02,18.50,,22.00,19.80,,25.00,24.00
108,8.40,7.50,7.50,5.25,4.50,,,,8.40,N1,02,17.30,,21.20,18.20,,24.30,24.30
109,8,7.75,,,,6,7.75,9.25,9.60,N1,02,,23.00,,,21.50,25.40,
110,7.40,7.25,,,,7.75,7.75,9.50,9.40,N1,02,,25.00,,,22.80,24.10,
111,7.60,7.75,,,,6.75,7.75,7.25,8.60,N1,02,,21.80,,,22.30,24.00,
112,7.60,6.50,,,,5.75,6,7,9.20,N1,02,,18.80,,,18.30,23.30,
113,7.20,7,6.25,6.50,5.50,,,,9.20,N1,02,18.30,,20.00,19.20,,23.40,22.70
114,6,5.75,5,5,3.75,,,,8.20,N1,02,13.80,,16.00,14.80,,20.00,19.20
115,8,6.50,,,,4.25,6.50,8,8.40,N1,02,,18.80,,,17.30,22.90,
116,6.80,6,,,,5.50,7.25,8.50,9.20,N1,02,,21.30,,,18.80,22.00,
117,8,8,5.25,4.75,4.75,,,,8.80,N1,02,14.80,,18.00,17.50,,24.80,22.10
118,6.80,7.75,5,5.25,4.75,,,,,,02,15.00,,17.10,16.80,,,
119,7.20,7.25,,,,5.75,6.75,8.25,9,N1,02,,20.80,,,19.80,23.50,
120,8,7.75,,,,6.50,6.75,9.75,8.60,N1,02,,23.00,,,21.00,24.40,
121,8.20,7.25,6.75,7.50,6.50,,,,8.80,N1,02,20.80,,22.50,22.20,,24.30,23.80
122,8.60,8.25,7.75,8,7.25,,,,8.80,N1,02,23.00,,24.40,23.90,,25.70,25.20
123,9,5.25,8.25,8,5,,,,7.40,N1,02,21.30,,25.30,22.00,,21.70,24.70
124,7.40,7.75,7,7.75,7.50,,,,9,N1,02,22.30,,22.20,22.70,,24.20,23.40
125,8.80,7,6.50,7.75,5.50,,,,7.80,N1,02,19.80,,23.10,22.10,,23.60,23.10
126,8.60,7.50,8.25,8,8.25,,,,9.40,N1,02,24.50,,24.90,24.90,,25.50,26.30
127,8.40,6.50,7.50,7,3.50,,,,7.60,N1,02,18.00,,22.90,18.90,,22.50,23.50
128,8.60,5.25,7.50,8,5.75,,,,8.80,N1,02,21.30,,24.10,22.40,,22.70,24.90
129,6.80,6.25,6,7.25,5.25,,,,8,N1,02,18.50,,20.10,19.30,,21.10,20.80
130,7.80,6,6.25,7.25,6,,,,8,N1,02,19.50,,21.30,21.10,,21.80,22.10
131,8.80,5.75,8.25,6.25,4.25,,,,10,N1,02,18.80,,23.30,19.30,,24.60,27.10
132,8.20,7.25,8.50,7.25,5.75,,,,9.60,N1,02,21.50,,24.00,21.20,,25.00,26.30
133,9.20,6.25,8.25,5,5.25,,,,8.80,N1,02,18.50,,22.50,19.50,,24.30,26.30
134,8,8,7.75,5.75,4.75,,,,9.20,N1,02,18.30,,21.50,18.50,,25.20,25.00
135,6.60,6.50,,,,6.50,6.75,9,9.20,N1,02,,22.30,,,19.80,22.30,
136,7.60,7.75,,,,5,7.25,8,8.60,N6,02,,20.30,,,20.00,24.00,
137,7.80,7,,,,4,6.50,6.50,8.60,N1,02,,17.00,,,17.50,23.40,
138,7,5.75,5.50,6,5.50,,,,7.80,N1,02,17.00,,18.50,18.50,,20.60,20.30
139,8.40,7,4.50,7.75,4,,,,8.80,N1,02,16.30,,20.70,20.20,,24.20,21.70
140,8.20,7,,,,6.50,8,8.50,9.80,N1,02,,23.00,,,21.50,25.00,
141,7.80,6.50,7.75,6,5.25,,,,9.60,N1,02,19.00,,21.60,19.10,,23.90,25.20
142,7.80,5,5,5,5.75,,,,9.20,N1,02,15.80,,17.80,18.60,,22.00,22.00
143,7.40,7.25,6.50,8,6.50,,,,,,02,21.00,,21.90,21.90,,,
144,8.40,3.75,5.75,7,4.50,,,,9.80,N1,02,17.30,,21.20,19.90,,22.00,24.00
145,8.40,6.50,6.75,6,5.25,,,,9.80,N1,02,18.00,,21.20,19.70,,24.70,25.00
146,8.60,6.50,6.75,5.25,4.50,,,,9.60,N1,02,16.50,,20.60,18.40,,24.70,25.00
147,9,6.50,7.25,6.25,5.50,,,,9,N1,02,19.00,,22.50,20.80,,24.50,25.30
148,6.20,6.25,5.25,5.75,5.25,,,,8.80,N1,02,16.30,,17.20,17.20,,21.30,20.30
149,8,4.50,6.25,7,4.50,,,,7.60,N1,02,17.80,,21.30,19.50,,20.10,21.90
150,8.60,5.75,7.50,8,8.75,,,,8.80,N1,02,24.30,,24.10,25.40,,23.20,24.90
151,8.80,6.50,8.25,7,6,,,,9.40,N1,02,21.30,,24.10,21.80,,24.70,26.50
152,7.80,6.75,8.50,7.75,5.50,,,,7.20,N1,02,21.80,,24.10,21.10,,21.80,23.50
153,8,5.50,8,5.75,5,,,,8,N1,02,18.80,,21.80,18.80,,21.50,24.00
154,7.80,6.50,,,,6,7.25,8.75,8.60,N1,02,,22.00,,,19.80,22.90,
155,7.20,6.25,6.50,8,5.50,,,,8.60,N1,02,20.00,,21.70,20.70,,22.00,22.30
156,8.20,5.75,,,,6.75,7.75,9.25,10,N1,02,,23.80,,,20.30,24.00,
157,7.40,6.75,5.25,5.75,4,,,,8.80,N1,02,15.00,,18.40,17.20,,23.00,21.50
158,8.40,7.50,8.50,7.25,6,,,,9.80,N1,02,21.80,,24.20,21.70,,25.70,26.70
159,9,5.50,6.75,3.75,4,,,,8.60,N1,02,14.50,,19.50,16.80,,23.10,24.40
160,7.80,6.50,8,6.25,4,,,,6,N1,02,18.30,,22.10,18.10,,20.30,21.80
161,7.80,7.25,7.25,7.50,3.75,,,,8.80,N1,02,18.50,,22.60,19.10,,23.90,23.90
162,8.40,7.75,6,7.75,5.75,,,,,,02,19.50,,22.20,21.90,,,
163,9,7,5.75,6.25,7.75,,,,9,N1,02,19.80,,21.00,23.00,,25.00,23.80
164,9,6.75,7.25,8.25,5.50,,,,8.60,N1,02,21.00,,24.50,22.80,,24.40,24.90
165,7.80,6.75,,,,4.75,7.25,9.50,9,N1,02,,21.50,,,18.80,23.60,
166,7.80,7.50,7.25,8.50,6.25,,,,9.80,N1,02,22.00,,23.60,22.60,,25.10,24.90
167,7,7.75,6.75,7.50,6.75,,,,7.60,N1,02,21.00,,21.30,21.30,,22.40,21.40
168,7.80,7.25,5.25,7.25,4.50,,,,5.20,N1,02,17.00,,20.30,19.60,,20.30,18.30
169,7.40,7.50,5.25,9,8.25,,,,9,N1,02,22.50,,21.70,24.70,,23.90,21.70
170,7.60,7.75,,,,6,7.50,8.25,8,N1,02,,21.80,,,21.30,23.40,
171,8.60,7.50,8.25,8.50,5.75,,,,9,N1,02,22.50,,25.40,22.90,,25.10,25.90
172,7.80,7.25,6.75,8,8.50,,,,8.80,N1,02,23.30,,22.60,24.30,,23.90,23.40
173,5,8.50,,,,8.25,8.75,9,9,N1,02,,26.00,,,25.50,22.50,
174,7.40,6,7.75,5,6.25,,,,7.20,N1,02,19.00,,20.20,18.70,,20.60,22.40
175,8.20,6.75,6,7.75,8.25,,,,9.20,N1,02,22.00,,22.00,24.20,,24.20,23.40
176,7.60,4,5,5.25,4.50,,,,9.60,N1,02,14.80,,17.90,17.40,,21.20,22.20
177,8.80,6,8.25,7.50,3,,,,3.60,N1,02,18.80,,24.60,19.30,,18.40,20.70
178,7.60,7.75,,,,5.50,6.75,7.75,7.20,N1,02,,20.00,,,20.00,22.60,
179,8,6.25,5.75,7.25,5.25,,,,9.20,N1,02,18.30,,21.00,20.50,,23.50,23.00
180,8.80,5.50,8.50,6.25,4.75,,,,8.80,N1,02,19.50,,23.60,19.80,,23.10,26.10
181,6.40,7.25,,,,9,7,9.50,9.40,N1,02,,25.50,,,23.30,23.10,
182,7.60,7.50,6.50,4.75,5.25,,,,8.20,N1,02,16.50,,18.90,17.60,,23.30,22.30
183,6.60,7.25,5.25,5.50,5.50,,,,4.40,N1,02,16.30,,17.40,17.60,,18.30,16.30
184,6.80,7.50,6,7.75,7,,,,4,N1,02,20.80,,20.60,21.60,,18.30,16.80
185,8.20,7,6.50,6.75,6.25,,,,,,02,19.50,,21.50,21.20,,,
186,8.20,7.25,6.25,6.75,5,,,,7.80,N1,02,18.00,,21.20,20.00,,23.30,22.30
187,8.60,5.25,7.75,6,5.50,,,,9.80,N1,02,19.30,,22.40,20.10,,23.70,26.20
188,8.20,7.50,,,,6,7.25,7.75,8.40,N1,02,,21.00,,,20.80,24.10,
189,8.20,7,4.75,7,5.50,,,,9,N1,02,17.30,,20.00,20.70,,24.20,22.00
190,8.60,6,6.75,8.50,8.25,,,,9.60,N1,02,23.50,,23.90,25.40,,24.20,25.00
191,7.80,7.25,,,,6.50,7.75,8.50,8.80,N1,02,,22.80,,,21.50,23.90,
192,6.60,6.75,6,5.75,6,,,,8.80,N1,02,17.80,,18.40,18.40,,22.20,21.40
193,9,5.75,8.25,6.25,4.75,,,,9,N1,02,19.30,,23.50,20.00,,23.80,26.30
194,8.20,6.75,7,8.25,2.50,,,,6.80,N1,02,17.80,,23.50,19.00,,21.80,22.00
195,7.20,7.25,6,7.75,7.25,,,,7.20,N1,02,21.00,,21.00,22.20,,21.70,20.40
196,9,6.50,7,7.25,7,,,,9.60,N1,02,21.30,,23.30,23.30,,25.10,25.60
197,8.80,6,7.50,5.75,6,,,,9.40,N1,02,19.30,,22.10,20.60,,24.20,25.70
198,7.20,7.25,7.75,6.50,4.50,,,,8,N1,02,18.80,,21.50,18.20,,22.50,23.00
199,8.80,5,7.75,7.75,5.75,,,,8.20,N1,02,21.30,,24.30,22.30,,22.00,24.80
200,8.40,6.50,7.50,7.75,5.50,,,,9.20,N1,02,20.80,,23.70,21.70,,24.10,25.10
201,9.60,7.50,8.25,8.25,6.75,,,,8,N1,02,23.30,,26.10,24.60,,25.10,25.90
202,8.60,5.25,7.50,8.75,6.25,,,,8.80,N1,02,22.50,,24.90,23.60,,22.70,24.90
203,8.20,7.25,7,7.25,5.25,,,,,,02,19.50,,22.50,20.70,,,
204,7.80,7.25,,,,4.75,7.25,8,7.20,N1,02,,20.00,,,19.30,22.30,
205,9,6.50,8,7.75,7.25,,,,8.40,N1,02,23.00,,24.80,24.00,,23.90,25.40
206,7.80,8,,,,7.75,8.50,9.25,9.20,N1,02,,25.50,,,24.30,25.00,
207,8.40,6.50,7.25,5.25,4,,,,9,N1,02,16.50,,20.90,17.70,,23.90,24.70
208,8.20,6.50,7.25,7.75,6.75,,,,5.60,N6,02,21.80,,23.20,22.70,,20.30,21.00
209,7.60,7.75,,,,6,8.25,9.25,8,N1,02,,23.50,,,22.00,23.40,
210,7.80,5,5.75,6.25,3.75,,,,8.60,N1,02,15.80,,19.80,17.80,,21.40,22.20
211,8.40,7,7.25,5.75,6.75,,,,10,N1,02,19.80,,21.40,20.90,,25.40,25.70
212,8.20,7,8.25,5.75,4.75,,,,9,N1,02,18.80,,22.20,18.70,,24.20,25.50
213,8.40,4.75,7.75,7,5.50,,,,8,N1,02,20.30,,23.20,20.90,,21.20,24.20
214,6.20,6.50,5.75,5.25,5,,,,8.20,N1,02,16.00,,17.20,16.50,,20.90,20.20
215,6,7,,,,5.25,7.50,9,8.40,N1,02,,21.80,,,19.80,21.40,
216,6.80,6,,,,6.50,7.75,9,9.80,N1,02,,23.30,,,20.30,22.60,
217,8.60,6.50,6.50,5.25,6,,,,9.80,N1,02,17.80,,20.40,19.90,,24.90,24.90
218,7.60,6.75,6,4.75,5.25,,,,8.20,N1,02,16.00,,18.40,17.60,,22.50,21.80
219,7,6.50,5,4.25,4.25,,,,7.60,N1,02,13.50,,16.30,15.50,,21.10,19.60
220,8,7.75,7.50,6.50,5,,,,8.80,N1,02,19.00,,22.00,19.50,,24.60,24.30
221,7.40,7.50,,,,5.50,6.75,6.50,8.60,N1,02,,18.80,,,19.80,23.50,
222,7.60,6.75,7.50,7.25,6.25,,,,9.20,N1,02,21.00,,22.40,21.10,,23.50,24.30
223,7.80,7,,,,5,7.50,7.50,8.60,N1,02,,20.00,,,19.50,23.40,
224,8,6.25,6.75,7.75,8.75,,,,8.60,N1,02,23.30,,22.50,24.50,,22.90,23.40
225,8.40,8,,,,6,8.25,8.50,9.60,N1,02,,22.80,,,22.30,26.00,
226,5.80,7.50,,,,5.50,8.25,8.75,8.60,N1,02,,22.50,,,21.30,21.90,
227,7.80,6.75,,,,6.50,8,8.50,8.80,N1,02,,23.00,,,21.30,23.40,
228,8.40,6,6,7.50,5,,,,9.60,N1,02,18.50,,21.90,20.90,,24.00,24.00
229,7.60,7,,,,6.25,7.50,9.25,9.40,N6,02,,23.00,,,20.80,24.00,
230,7.60,6.75,,,,6.25,8.25,9.50,9,N1,02,,24.00,,,21.30,23.40,
231,7.60,6.50,,,,5.50,7.25,9.75,8.60,N1,02,,22.50,,,19.30,22.70,
232,6.20,7.50,,,,4.50,6.75,8,9.20,N1,02,,19.30,,,18.80,22.90,
233,7.40,8,5.50,6.50,6.75,,,,,,02,18.80,,19.40,20.70,,,
234,8.60,7.75,7.50,5.50,5.50,,,,9.20,N1,02,18.50,,21.60,19.60,,25.60,25.30
235,7.40,7.50,,,,8.25,7.50,7.25,9.20,N1,02,,23.00,,,23.30,24.10,
236,8.20,6.66,,,,8,8.75,9.75,9,N1,02,,26.50,,,23.40,23.90,
237,6.40,6.83,,,,4,8.25,7.75,8.20,N1,02,,20.00,,,19.10,21.40,
238,7.20,6.25,,,,6.75,8.75,9.50,9.60,N1,02,,25.00,,,21.80,23.00,
239,8.40,7,4.50,8.25,5.25,,,,9.80,N1,02,18.00,,21.20,21.90,,25.20,22.70
240,7,7.25,6.50,4.25,4.75,,,,8.40,N1,02,15.50,,17.80,16.00,,22.70,21.90
241,6.60,7.75,,,,5.75,7.50,8.75,8,N1,02,,22.00,,,21.00,22.40,
242,7.80,7.75,,,,3.75,7,8.75,8.80,N1,02,,19.50,,,18.50,24.40,
243,7.20,7.25,,,,5.25,6.75,8.50,7.60,N1,02,,20.50,,,19.30,22.00,
244,8.20,7.25,7.75,8,4.75,,,,6,N1,02,20.50,,24.00,21.00,,21.50,22.00
245,8,8.25,,,,8.25,8.25,9.25,8.60,N1,02,,25.80,,,24.80,24.90,
246,8.40,7.50,6.50,7.25,8,,,,7.20,N1,02,21.80,,22.20,23.70,,23.10,22.10
247,8.80,5.25,7,5,4.75,,,,9,N1,02,16.80,,20.80,18.60,,23.10,24.80
248,9,6,7.25,7.50,6.25,,,,7,N1,02,21.00,,23.80,22.80,,22.00,23.30
249,5.40,6.25,,,,7.50,7.50,9,9.40,N1,02,,24.00,,,21.30,21.10,
250,7.40,6.50,4.75,5.75,5,,,,9.20,N1,02,15.50,,17.90,18.20,,23.10,21.40
251,8,6.75,6.50,5.50,6.25,,,,9.80,N1,02,18.30,,20.00,19.80,,24.60,24.30
252,8,5.75,6.25,5.25,5.75,,,,10,N1,02,17.30,,19.50,19.00,,23.80,24.30
253,7.80,5.75,6.75,7,4.25,,,,7.60,N1,02,18.00,,21.60,19.10,,21.20,22.20
254,7.80,5.50,7,7,4.75,,,,8,N1,02,18.80,,21.80,19.60,,21.30,22.80
255,9,7.50,7.75,7.75,5.50,,,,9,N1,02,21.00,,24.50,22.30,,25.50,25.80
256,5.80,7,,,,6.25,7.75,8,9,N1,02,,22.00,,,21.00,21.80,
257,8.40,7.50,6,7,5.25,,,,9.20,N1,02,18.30,,21.40,20.70,,25.10,23.60
258,8.20,5.91,5.75,7.25,4.75,,,,9,N1,02,17.80,,21.20,20.20,,23.10,23.00
259,7.80,7.25,6.50,5,5,,,,9,N1,02,16.50,,19.30,17.80,,24.10,23.30
260,8,8,,,,5.75,7.25,8.75,9.60,N1,02,,21.80,,,21.00,25.60,
261,7.40,7.25,6.50,7.75,4,,,,7.60,N1,02,18.30,,21.70,19.20,,22.30,21.50
262,4.20,4.50,5,3.75,2,,,,8.20,N1,02,10.80,,13.00,10.00,,16.90,17.40
263,7.60,5.50,4.75,6.75,6.25,,,,9.60,N1,02,17.80,,19.10,20.60,,22.70,22.00
264,8.40,8,7.75,7,5.25,,,,8.60,N1,02,20.00,,23.20,20.70,,25.00,24.80
265,8,6.25,6.50,5,5.50,,,,7.20,N1,02,17.00,,19.50,18.50,,21.50,21.70
266,7,7.25,7.75,8,7.25,,,,6.40,N1,02,23.00,,22.80,22.30,,20.70,21.20
267,6.40,5.25,7,6.50,4.75,,,,9.40,N1,02,18.30,,19.90,17.70,,21.10,22.80
268,8.60,6.75,8.75,8,7,,,,7.60,N1,02,23.80,,25.40,23.60,,23.00,25.00
269,7.40,7.25,6.75,5,3.50,,,,9.40,N1,02,15.30,,19.20,15.90,,24.10,23.60
270,8.20,6.25,5.50,5.25,5.75,,,,9.60,N1,02,16.50,,19.00,19.20,,24.00,23.30
271,8.80,6.25,6.75,4.25,5.25,,,,8.80,N1,02,16.30,,19.80,18.30,,23.90,24.40
272,8.40,7.25,,,,7.25,7.25,9,9.60,N1,02,,23.50,,,21.80,25.30,
273,6.60,7.25,7.50,7.50,5.50,,,,,,02,20.50,,21.60,19.60,,,
274,7.80,7.50,7.50,6.50,5.75,,,,9.40,N1,02,19.80,,21.80,20.10,,24.70,24.70
275,8.40,5.25,7.75,5.25,5.50,,,,9.40,N1,02,18.50,,21.40,19.20,,23.10,25.50
276,7.80,8.25,,,,7.25,7.75,9.50,9.60,N1,02,,24.50,,,23.30,25.70,
277,7.60,7.50,,,,7.25,8,8.25,8.80,N1,02,,23.50,,,22.80,23.90,
278,7,7.75,,,,7,8,8,9.40,N1,02,,23.00,,,22.80,24.20,
279,8.20,6.50,8,7.25,7.25,,,,9.60,N1,02,22.50,,23.50,22.70,,24.30,25.80
280,7.60,7.25,,,,6,8.50,7.75,9.40,N1,02,,22.30,,,21.80,24.30,
281,8.20,7,6.50,8.50,8.50,,,,9.20,N1,02,23.50,,23.20,25.20,,24.40,23.90
282,6.80,6.25,,,,4.25,6.75,8.25,7.20,N1,02,,19.30,,,17.30,20.30,
283,7.80,7.25,5.25,6,4.25,,,,9.20,N1,02,15.50,,19.10,18.10,,24.30,22.30
284,8.20,5.25,3.25,4,3.75,,,,9.40,N1,02,11.00,,15.50,16.00,,22.90,20.90
285,6.80,4.50,5.75,5.25,4.75,,,,8.40,N1,02,15.80,,17.80,16.80,,19.70,21.00
286,8.80,6.25,7.75,7.75,6.75,,,,,,02,22.30,,24.30,23.30,,,
287,8.60,6.25,,,,7.50,8,8.50,8.40,N1,02,,24.00,,,21.80,23.30,
288,8.80,6.25,6.50,6.75,7,,,,9.80,N1,02,20.30,,22.10,22.60,,24.90,25.10
289,7.80,9,,,,7.25,6.50,9.25,9.40,N1,02,,23.00,,,22.80,26.20,
290,8.20,7.25,6.75,6.75,5,,,,7.80,N1,02,18.50,,21.70,20.00,,23.30,22.80
291,8.40,8,,,,6.50,7.75,8,9.60,N1,02,,22.30,,,22.30,26.00,
292,7.20,7.75,5.50,3.75,4.50,,,,8.40,N1,02,13.80,,16.50,15.50,,23.40,21.10
293,8,7.50,8.25,7.50,5.25,,,,6.80,N1,02,21.00,,23.80,20.80,,22.30,23.10
294,7.80,7.50,,,,7.25,7,9.25,8.80,N1,02,,23.50,,,21.80,24.10,
295,6.80,7,5.50,8,4.50,,,,8.80,N1,02,18.00,,20.30,19.30,,22.60,21.10
296,9,7.75,8.25,7.50,7.75,,,,9.40,N1,02,23.50,,24.80,24.30,,26.20,26.70
297,7.60,7,6.25,5.75,4.50,,,,7.40,N1,02,16.50,,19.60,17.90,,22.00,21.30
298,9,7,,,,7.75,8,8,9.80,N1,02,,23.80,,,22.80,25.80,
299,8,7,6.75,7,5.75,,,,7.80,N1,02,19.50,,21.80,20.80,,22.80,22.60
300,8.40,6.75,5.50,7.75,6.75,,,,7.40,N1,02,20.00,,21.70,22.90,,22.60,21.30
301,8.40,8.50,,,,8.25,8.50,9,9,N1,02,,25.80,,,25.30,25.90,
302,7.80,7.75,7.75,7.75,6.25,,,,9,N1,02,21.80,,23.30,21.80,,24.60,24.60
303,8.60,8.25,,,,5.75,7,7.50,9.20,N1,02,,20.30,,,21.00,26.10,
304,8.40,7,7.50,7.75,5.75,,,,9.20,N1,02,21.00,,23.70,21.90,,24.60,25.10
305,8,7.75,5.75,6.25,5.75,,,,9,N1,02,17.80,,20.00,20.00,,24.80,22.80
306,8.20,6.25,7.25,8.50,7.25,,,,8.60,N1,02,23.00,,24.00,24.00,,23.00,24.00
307,7.40,6,5.75,5.75,6,,,,8.80,N1,02,17.50,,18.90,19.20,,22.20,22.00
308,6.80,5.75,5.25,7.50,2.75,,,,8.20,N1,02,15.50,,19.60,17.10,,20.80,20.30
309,7.80,7.25,6.50,8.25,4.25,,,,9,N1,02,19.00,,22.60,20.30,,24.10,23.30
310,8.40,7.50,8,7.25,7.75,,,,9.80,N1,02,23.00,,23.70,23.40,,25.70,26.20
311,8,8.50,,,,6.50,8,7.50,8.20,N1,02,,22.00,,,23.00,24.70,
312,8.20,6.75,8,8,6.50,,,,8.20,N1,02,22.50,,24.20,22.70,,23.20,24.40
313,8.40,7.75,,,,6,8.75,8.50,9.20,N1,02,,23.30,,,22.50,25.30,
314,6.80,8,,,,6.75,7,8.75,9.20,N1,02,,22.50,,,21.80,24.00,
315,7.60,6.83,,,,7.25,7.25,8.50,9,N1,02,,23.00,,,21.30,23.40,
316,7.60,6.75,5,5.50,6,,,,8.80,N1,02,16.50,,18.10,19.10,,23.20,21.40
317,8.20,7,,,,6.75,7,9.25,9.20,N1,02,,23.00,,,20.80,24.40,
318,8.40,4,6.75,7,5.25,,,,9.60,N1,02,19.00,,22.20,20.70,,22.00,24.80
319,6,7,5.75,5.75,5.75,,,,9.20,N1,02,17.30,,17.50,17.50,,22.20,21.00
320,8.20,7,8,8,6.50,,,,7.80,N1,02,22.50,,24.20,22.70,,23.00,24.00
321,7.40,8,7.50,6.75,4.50,,,,7.40,N1,02,18.80,,21.70,18.70,,22.80,22.30
322,9.40,6.75,7.75,8.25,6.50,,,,7.40,N1,02,22.50,,25.40,24.20,,23.50,24.50
323,8.20,6,7.75,6.25,6.75,,,,9.20,N1,02,20.80,,22.20,21.20,,23.40,25.20
324,7.80,5.50,6.75,9,5.25,,,,6.60,N1,02,21.00,,23.60,22.10,,19.90,21.20
325,7.20,6.50,6,7,5.50,,,,8.60,N1,02,18.50,,20.20,19.70,,22.30,21.80
326,7.40,6,4.25,7,7,,,,,,02,18.30,,18.70,21.40,,,
327,8.40,7.25,7,8.50,7.25,,,,6.20,N1,02,22.80,,23.90,24.20,,21.90,21.60
328,8.20,6.25,7.50,5.75,6,,,,9.40,N1,02,19.30,,21.50,20.00,,23.90,25.10
329,7.80,7.75,7.50,7.25,7,,,,8,N1,02,21.80,,22.60,22.10,,23.60,23.30
330,7.80,6.75,7.50,8.25,5.50,,,,8.80,N1,02,21.30,,23.60,21.60,,23.40,24.10
331,8,5.66,7.75,4.25,5.50,,,,9.20,N1,02,17.50,,20.00,17.80,,22.90,25.00
332,9.40,6.50,7.50,4.75,4.50,,,,9.40,N1,02,16.80,,21.70,18.70,,25.30,26.30
333,8.60,6.75,8,7.25,4,,,,9.20,N1,02,19.30,,23.90,19.90,,24.50,25.80
334,7,6,,,,6,7,7.75,8.60,N1,02,,20.80,,,19.00,21.60,
335,8,7.75,,,,7,7.25,9,9.40,N1,02,,23.30,,,22.00,25.20,
336,9.40,7,8,6.50,3.50,,,,9,N1,02,18.00,,23.90,19.40,,25.40,26.40
337,8,6.50,7.75,8,5.25,,,,8,N1,02,21.00,,23.80,21.30,,22.50,23.80
338,8.80,6.25,8.25,6,5,,,,9.20,N1,02,19.30,,23.10,19.80,,24.30,26.30
339,8.20,6.25,5.50,7.75,8,,,,8.20,N1,02,21.30,,21.50,24.00,,22.70,21.90
340,8.80,8.25,7,8.50,8.25,,,,9.40,N1,02,23.80,,24.30,25.60,,26.50,25.20
341,9.20,7,8.50,8.75,3,,,,8.60,N1,02,20.30,,26.50,21.00,,24.80,26.30
342,8.80,7.75,7.50,8,7,,,,8.60,N1,02,22.50,,24.30,23.80,,25.20,24.90
343,7.40,7,6.25,6.50,4.75,,,,7,N1,02,17.50,,20.20,18.70,,21.40,20.70
344,8.20,3.75,7.50,7.25,5,,,,6.40,N1,02,19.80,,23.00,20.50,,18.40,22.10
345,8.20,7.25,7,6,7.25,,,,8.60,N1,02,20.30,,21.20,21.50,,24.00,23.80
346,9.20,5.50,7.75,8.75,3.25,,,,4.60,N1,02,19.80,,25.70,21.20,,19.30,21.50
347,8.40,7.75,8.25,8.50,4.75,,,,8.60,N1,02,21.50,,25.20,21.70,,24.80,25.30
348,8.40,7,7,7,4,,,,9.20,N1,02,18.00,,22.40,19.40,,24.60,24.60
349,8.40,7,6,7.50,4.75,,,,9.20,N1,02,18.30,,21.90,20.70,,24.60,23.60
350,9.20,7.50,8.50,7,7,,,,8.40,N1,02,22.50,,24.70,23.20,,25.10,26.10
351,7.80,8,,,,4.75,7.75,9.50,9,N1,02,,22.00,,,20.50,24.80,
352,7.80,6.25,6.75,6.75,3.50,,,,8.60,N1,02,17.00,,21.30,18.10,,22.70,23.20
353,7.60,7.50,,,,7.25,8.25,8.50,9.40,N1,02,,24.00,,,23.00,24.50,
354,8.60,6.75,8.25,7.75,6.50,,,,7.40,N1,02,22.50,,24.60,22.90,,22.80,24.30
355,5.20,7.50,,,,7,7,8,9.40,N1,02,,22.00,,,21.50,22.10,
356,7.60,6.75,,,,7.50,8,8.25,8.80,N1,02,,23.80,,,22.30,23.20,
357,8,9,,,,7.50,7.50,9.75,8.80,N1,02,,24.80,,,24.00,25.80,
358,7.60,5.75,6.50,7.25,5.50,,,,8,N1,02,19.30,,21.40,20.40,,21.40,22.10
359,8,7,,,,4,6.50,9,8.60,N1,02,,19.50,,,17.50,23.60,
360,8.20,7,7,7.50,4.25,,,,8.60,N1,02,18.80,,22.70,20.00,,23.80,23.80
361,8.20,6.25,6.50,6.75,6,,,,7.60,N1,02,19.30,,21.50,21.00,,22.00,22.30
362,6,7,,,,4.50,5.50,8.50,8.20,N1,02,,18.50,,,17.00,21.20,
363,8.20,6.50,4.25,7.75,7.50,,,,8,N1,02,19.50,,20.20,23.50,,22.70,20.50
364,7.60,7,,,,5.75,8,7.75,9.40,N1,02,,21.50,,,20.80,24.00,
365,8.60,5,8,6.50,4.75,,,,9.60,N1,02,19.30,,23.10,19.90,,23.20,26.20
366,8.20,6.75,6.75,7,5.50,,,,9,N1,02,19.30,,22.00,20.70,,24.00,24.00
367,7.40,6.25,7.75,8,3.50,,,,6.80,N1,02,19.30,,23.20,18.90,,20.50,22.00
368,7.80,7.50,,,,8,7.50,7.50,9.80,N1,02,,23.00,,,23.00,25.10,
369,8.20,8.25,,,,5.50,7,8.25,9,N1,02,,20.80,,,20.80,25.50,
370,8,7.25,7,5.75,5.25,,,,9.60,N1,02,18.00,,20.80,19.00,,24.90,24.60
371,8,7.25,8.50,7.25,5.25,,,,8.60,N1,02,21.00,,23.80,20.50,,23.90,25.10
372,9.20,6.50,8.25,8,8,,,,9.60,N1,02,24.30,,25.50,25.20,,25.30,27.10
373,7,6.50,5.50,5,3,,,,7.60,N1,02,13.50,,17.50,15.00,,21.10,20.10
374,8.40,6.75,6.75,8.25,8.50,,,,7.60,N1,02,23.50,,23.40,25.20,,22.80,22.80
375,9,5.50,6.50,7.50,3.75,,,,8.40,N1,02,17.80,,23.00,20.30,,22.90,23.90
376,8,5,7.75,8,5.50,,,,8.60,N1,02,21.30,,23.80,21.50,,21.60,24.40
377,9,6.50,8,6.75,3.75,,,,7.60,N1,02,18.50,,23.80,19.50,,23.10,24.60
378,8,7,,,,8,8,8.75,9.60,N1,02,,24.80,,,23.00,24.60,
379,8.80,7,9,7.50,8.25,,,,9.40,N1,02,24.80,,25.30,24.60,,25.20,27.20
380,9,7,8.75,8,5.75,,,,8.20,N1,02,22.50,,25.80,22.80,,24.20,26.00
381,8.80,7,7.50,7.50,4.25,,,,9.60,N1,02,19.30,,23.80,20.60,,25.40,25.90
382,8,7.75,7.50,7.25,6.25,,,,8.80,N1,02,21.00,,22.80,21.50,,24.60,24.30
383,9,6,6,8,9,,,,8.40,N1,02,23.00,,23.00,26.00,,23.40,23.40
384,8.40,8.25,7.25,8.75,7.25,,,,8.80,N1,02,23.30,,24.40,24.40,,25.50,24.50
385,8.60,7.75,8.25,7.75,6.50,,,,9.20,N1,02,22.50,,24.60,22.90,,25.60,26.10
386,8.60,8.50,7,5,5,,,,7.80,N1,02,17.00,,20.60,18.60,,24.90,23.40
387,7.60,5,4.75,4.50,3.25,,,,8.60,N1,02,12.50,,16.90,15.40,,21.20,21.00
388,8.20,8,,,,7.50,7.75,8.75,9,N6,02,,24.00,,,23.30,25.20,
389,8.40,6,7.50,5,4.25,,,,9.40,N1,02,16.80,,20.90,17.70,,23.80,25.30
390,7.60,7,6.50,8.25,8.50,,,,6.60,N1,02,23.30,,22.40,24.40,,21.20,20.70
391,7.80,8.75,7.25,7.75,7.25,,,,7,N1,02,22.30,,22.80,22.80,,23.60,22.10
392,6.80,8.25,,,,7.75,6.75,8.50,8.40,N1,02,,23.00,,,22.80,23.50,
393,8,8.50,,,,5.75,7.75,9.50,9,N1,02,,23.00,,,22.00,25.50,
394,8.80,6.50,6,7.25,4,,,,9.40,N1,02,17.30,,22.10,20.10,,24.70,24.20
395,8.40,6.50,7.50,7.25,6.50,,,,8.60,N1,02,21.30,,23.20,22.20,,23.50,24.50
396,6.40,7.50,,,,3.50,7.25,7.50,8.40,N1,02,,18.30,,,18.30,22.30,
397,7,6.75,4,5.75,4.75,,,,9,N1,02,14.50,,16.80,17.50,,22.80,20.00
398,7.80,7.25,,,,8.75,9,8.25,9.40,N1,02,,26.00,,,25.00,24.50,
399,8.20,6.25,7,8,5.75,,,,8.80,N1,02,20.80,,23.20,22.00,,23.30,24.00
400,7.60,6.50,,,,6.75,7.25,7.50,8,N1,02,,21.50,,,20.50,22.10,
401,8.40,7,7.25,6.50,6.50,,,,9.60,N1,02,20.30,,22.20,21.40,,25.00,25.30
402,8.60,6.50,8,5.75,5.25,,,,8.80,N1,02,19.00,,22.40,19.60,,23.90,25.40
403,8.40,7.75,,,,5.75,6,9.25,9.40,N1,02,,21.00,,,19.50,25.50,
404,6.60,7,,,,7.50,8.25,9,9.80,N1,02,,24.80,,,22.80,23.40,
405,8.60,6.58,8.25,7.50,4.75,,,,9,N1,02,20.50,,24.40,20.90,,24.20,25.90
406,8.20,5.25,7.25,7.25,5.50,,,,9,N1,02,20.00,,22.70,21.00,,22.50,24.50
407,7.20,5.50,4.75,8,8.25,,,,9.40,N1,02,21.00,,20.00,23.50,,22.10,21.40
408,9,6,7.75,7.75,8.75,,,,9,N1,02,24.30,,24.50,25.50,,24.00,25.80
409,7.40,5,7.25,3.50,4.50,,,,9.40,N1,02,15.30,,18.20,15.40,,21.80,24.10
410,8.20,8,7.25,7.75,7.75,,,,9.40,N1,02,22.80,,23.20,23.70,,25.60,24.90
411,8,6.25,6.75,7,6.75,,,,8.20,N1,02,20.50,,21.80,21.80,,22.50,23.00
412,8.60,7.75,6.25,6.50,6,,,,,,02,18.80,,21.40,21.10,,,
413,8,8,,,,5.25,8,9.50,,,02,,22.80,,,21.30,,
414,7.20,8.50,8,7.75,7.25,,,,,,02,23.00,,23.00,22.20,,,
415,8.20,7.75,,,,8,8,10,8.80,N1,02,,26.00,,,23.80,24.80,
416,7.60,7,,,,4.75,6.50,7.25,8.40,N1,02,,18.50,,,18.30,23.00,
417,7.60,7,8,7.75,4.50,,,,8.80,N1,02,20.30,,23.40,19.90,,23.40,24.40
418,7.40,6.50,7,3.75,4.25,,,,8.80,N1,02,15.00,,18.20,15.40,,22.70,23.20
419,8.60,5.75,7.50,6.50,5.25,,,,7.80,N1,02,19.30,,22.60,20.40,,22.20,23.90
420,7.40,7.75,7,5.25,5.75,,,,7.80,N1,02,18.00,,19.70,18.40,,23.00,22.20
421,6.60,7.25,,,,4.75,7.50,7.25,8.20,N1,02,,19.50,,,19.50,22.00,
422,8.60,7.50,6,5.75,4.50,,,,8,N1,02,16.30,,20.40,18.90,,24.10,22.60
423,7.80,7,,,,7,8.25,8.25,8.40,N1,02,,23.50,,,22.30,23.20,
424,8.20,7.25,,,,6,7.50,9.50,8.80,N1,02,,23.00,,,20.80,24.30,
425,7.80,7.50,,,,4,7.25,9,8.60,N1,02,,20.30,,,18.80,23.90,
426,7.60,7.25,7,5,3.25,,,,9.40,N1,02,15.30,,19.60,15.90,,24.30,24.00
427,7.80,5.75,6.75,4.50,6,,,,9,N1,02,17.30,,19.10,18.30,,22.60,23.60
428,8.40,6,6.50,7.25,3,,,,8,N1,02,16.80,,22.20,18.70,,22.40,22.90
429,6.80,6.25,4.25,3.75,4.75,,,,9,N1,02,12.80,,14.80,15.30,,22.10,20.10
430,9.20,6.50,8.25,7.50,5,,,,9.40,N1,02,20.80,,25.00,21.70,,25.10,26.90
431,8,6.50,6,6.75,3.25,,,,9.20,N1,02,16.00,,20.80,18.00,,23.70,23.20
432,8,7,6.25,3,5,,,,9,N1,02,14.30,,17.30,16.00,,24.00,23.30
433,8.20,7.50,,,,7.50,8.25,10,9.60,N1,02,,25.80,,,23.30,25.30,
434,8.20,7.25,6.25,8,8.75,,,,7.60,N1,02,23.00,,22.50,25.00,,23.00,22.00
435,8,6.50,6,8.25,8.50,,,,8.40,N1,02,22.80,,22.30,24.80,,22.90,22.40
436,8.20,5.75,7,7.25,6,,,,9,N1,02,20.30,,22.50,21.50,,23.00,24.20
437,8,7.25,3.75,5.50,6.50,,,,7,N1,02,15.80,,17.30,20.00,,22.30,18.80
438,8.60,7.25,,,,6.25,7.25,8.50,9.20,N1,02,,22.00,,,20.80,25.00,
439,8,6,7,8,8,,,,8.80,N1,02,23.00,,23.00,24.00,,22.80,23.80
440,8,7.75,,,,7,6.50,8,9.20,N1,02,,21.50,,,21.30,25.00,
441,8,7.25,5.75,6.25,4.50,,,,9,N1,02,16.50,,20.00,18.80,,24.30,22.80
442,7.60,7.25,6,5,4,,,,,,02,15.00,,18.60,16.60,,,
443,8,6.50,6.75,5.75,5.25,,,,8.80,N1,02,17.80,,20.50,19.00,,23.30,23.60
444,8.60,6.25,7.75,5.50,3.25,,,,9,N1,02,16.50,,21.90,17.40,,23.90,25.40
445,8,7.75,,,,7.25,8.25,8.75,8.80,N1,02,,24.30,,,23.30,24.60,
446,7.60,6.50,7.25,7,8.50,,,,9.20,N1,02,22.80,,21.90,23.10,,23.30,24.00
447,8,6.50,6.50,7.75,4,,,,10,N1,02,18.30,,22.30,19.80,,24.50,24.50
448,7.60,5.50,8,7.50,3.50,,,,7.40,N1,02,19.00,,23.10,18.60,,20.50,23.00
449,7.40,6.75,8,6,5.50,,,,8.80,N1,02,19.50,,21.40,18.90,,23.00,24.20
450,9.40,7.25,7.75,7.50,7.25,,,,9.40,N1,02,22.50,,24.70,24.20,,26.10,26.60
451,8.40,8,7,6.25,5.75,,,,9,N1,02,19.00,,21.70,20.40,,25.40,24.40
452,8.80,7.75,7,6.25,7.25,,,,9.80,N1,02,20.50,,22.10,22.30,,26.40,25.60
453,7.80,8,6.25,6.75,4.25,,,,7.60,N1,02,17.30,,20.80,18.80,,23.40,21.70
454,7.60,7.50,,,,7.25,7,9.25,9.60,N1,02,,23.50,,,21.80,24.70,
455,7,7.58,,,,7,8,8.50,9.40,N1,02,,23.50,,,22.60,24.00,
456,8.20,7,7.50,6,5,,,,9.40,N1,02,18.50,,21.70,19.20,,24.60,25.10
457,8,7.75,5.25,8,7.75,,,,8.80,N1,02,21.00,,21.30,23.80,,24.60,22.10
458,6.40,8.25,,,,7.50,6.75,8.25,9.40,N1,02,,22.50,,,22.50,24.10,
459,8.20,8.75,8.25,6.25,5.25,,,,9.20,N1,02,19.80,,22.70,19.70,,26.20,25.70
460,8,8.25,,,,7,7.50,9.25,9,N1,02,,23.80,,,22.80,25.30,
461,8.60,7.25,,,,5.25,7,8.50,8.40,N6,02,,20.80,,,19.50,24.30,
462,7.80,6.75,7.75,6,5.50,,,,8,N1,02,19.30,,21.60,19.30,,22.60,23.60
463,8,6.25,5.25,6.50,6,,,,9,N1,02,17.80,,19.80,20.50,,23.30,22.30
464,5.20,8,,,,5.50,6.50,4.75,9,N1,02,,16.80,,,20.00,22.20,
465,7.20,7,,,,5.50,8,8.25,9,N1,02,,21.80,,,20.50,23.20,
466,6.80,5,6.25,4.75,4.75,,,,8.80,N1,02,15.80,,17.80,16.30,,20.60,21.90
467,8.20,4.50,6.75,6.25,3,,,,9.40,N1,02,16.00,,21.20,17.50,,22.10,24.40
468,7.80,7,7,5.75,6.25,,,,9,N1,02,19.00,,20.60,19.80,,23.80,23.80
469,6.80,8,,,,4.50,6.50,8,9.60,N6,02,,19.00,,,19.00,24.40,
470,8.40,6.50,8.25,6.25,4.75,,,,9.20,N1,02,19.30,,22.90,19.40,,24.10,25.90
471,8.80,6,7.50,8.50,7,,,,,,02,23.00,,24.80,24.30,,,
472,7.40,7.50,,,,6,7.75,8.75,9.60,N1,02,,22.50,,,21.30,24.50,
473,8.40,7.25,,,,7.75,8.50,9.75,9.20,N1,02,,26.00,,,23.50,24.90,
474,7.40,7.25,,,,6.25,7.75,9.50,6.80,N1,02,,23.50,,,21.30,21.50,
475,8.40,6.50,,,,7.50,8,9,6.60,N1,02,,24.50,,,22.00,21.50,
476,6.40,6.25,5,6.50,4.50,,,,5,N1,02,16.00,,17.90,17.40,,17.70,16.40
477,8,8.25,,,,8.50,7.25,9,9,N1,02,,24.80,,,24.00,25.30,
478,7.80,8.75,7.50,6.25,5,,,,9.40,N1,02,18.80,,21.60,19.10,,26.00,24.70
479,7.60,8.25,7.75,7,4.75,,,,9.20,N1,02,19.50,,22.40,19.40,,25.00,24.50
480,7.60,7.25,7.75,7.25,5,,,,9,N1,02,20.00,,22.60,19.90,,23.90,24.40
481,6.80,7.25,,,,5,6.50,8,7.60,N1,02,,19.50,,,18.80,21.70,
482,8.60,7.75,8,5.75,5,,,,8.60,N1,02,18.80,,22.40,19.40,,25.00,25.20
483,8.20,7.50,7.75,7,4,,,,9.20,N1,02,18.80,,23.00,19.20,,24.90,25.20
484,8.80,7.75,,,,6.50,8,7.75,9.60,N6,02,,22.30,,,22.30,26.20,
485,7.80,7.25,4.50,7.50,7.50,,,,8,N1,02,19.50,,19.80,22.80,,23.10,20.30
486,7.60,6.75,5.75,7.75,5.75,,,,9.40,N1,02,19.30,,21.10,21.10,,23.80,22.80
487,8.40,7.50,7.50,5.75,5.50,,,,9.20,N1,02,18.80,,21.70,19.70,,25.10,25.10
488,8.60,7.25,7,6.50,5.50,,,,8.40,N1,02,19.00,,22.10,20.60,,24.30,24.00
489,8.60,7.50,,,,4.75,6.50,6.75,9.40,N1,02,,18.00,,,18.80,25.50,
490,8.40,8.75,6.50,6.50,4,,,,8.60,N1,02,17.00,,21.40,18.90,,25.80,23.50
491,8,7.50,6.50,6,3.50,,,,9.40,N1,02,16.00,,20.50,17.50,,24.90,23.90
492,9,7,6.75,7.75,6,,,,,,02,20.50,,23.50,22.80,,,
493,8,7.50,8.75,8.25,4,,,,8.80,N1,02,21.00,,25.00,20.30,,24.30,25.60
494,7,7.50,,,,6.50,7,8.75,9,N1,02,,22.30,,,21.00,23.50,
495,7.80,7,,,,5.75,8.25,8.25,9.20,N1,02,,22.30,,,21.00,24.00,
496,7.40,7.25,5.75,6.75,5,,,,9.20,N1,02,17.50,,19.90,19.20,,23.90,22.40
497,8.60,6.75,7.50,7.75,5.25,,,,9,N1,02,20.50,,23.90,21.60,,24.40,25.10
498,7.80,8.25,,,,6,6.50,8.25,9,N1,02,,20.80,,,20.80,25.10,
499,8.80,7.75,,,,4.50,7.50,9,9.40,N1,02,,21.00,,,19.80,26.00,
500,8,8.25,6.50,7.75,5.75,,,,9.20,N1,02,20.00,,22.30,21.50,,25.50,23.70
501,8.40,6.75,8.25,7.75,5,,,,8.60,N1,02,21.00,,24.40,21.20,,23.80,25.30
502,7.60,5.75,7.25,4.75,5.25,,,,8.20,N1,02,17.30,,19.60,17.60,,21.50,23.00
503,7,4.25,7.75,8,3,,,,8.20,N1,02,18.80,,22.80,18.00,,19.50,23.00
504,8.80,6.50,,,,7.50,8.25,8.75,9,N1,02,,24.50,,,22.30,24.30,
505,8.60,6.25,7.50,6.50,4.50,,,,9,N1,02,18.50,,22.60,19.60,,23.90,25.10
506,6.40,6.50,5.25,5.25,5.50,,,,9.40,N1,02,16.00,,16.90,17.20,,22.30,21.10
507,7.60,6.75,,,,6,7.75,9,9.40,N1,02,,22.80,,,20.50,23.80,
508,9,7,7.25,7.75,5.25,,,,9.60,N1,02,20.30,,24.00,22.00,,25.60,25.90
509,7,6.25,,,,5.50,6,8,8.20,N1,02,,19.50,,,17.80,21.50,
510,7.60,4.50,6.25,8.25,5,,,,9.40,N1,02,19.50,,22.10,20.90,,21.50,23.30
511,8.40,5.75,7.25,5.50,6.25,,,,9.80,N1,02,19.00,,21.20,20.20,,24.00,25.50
512,7.60,6,5.25,6,5.75,,,,9.40,N1,02,17.00,,18.90,19.40,,23.00,22.30
513,8.20,7.25,7.50,7.25,5.75,,,,6.80,N1,02,20.50,,23.00,21.20,,22.30,22.50
514,8.20,8,5.75,8.50,8,,,,8.80,N1,02,22.30,,22.50,24.70,,25.00,22.80
515,8.40,6.75,8.50,9,7,,,,9,N1,02,24.50,,25.90,24.40,,24.20,25.90
516,8.60,7.50,8.50,8,5,,,,9.20,N1,02,21.50,,25.10,21.60,,25.30,26.30
517,8,7,,,,6.50,7.75,8.75,9.60,N1,02,,23.00,,,21.30,24.60,
518,7.60,6.50,7.50,7.75,7.75,,,,7.20,N1,02,23.00,,22.90,23.10,,21.30,22.30
519,9.20,7,7.25,7.50,4.75,,,,8.80,N1,02,19.50,,24.00,21.50,,25.00,25.30
520,7.80,8.75,,,,4.50,6.75,8.25,8.60,N1,02,,19.50,,,20.00,25.20,
521,8.80,8,,,,7,7.75,8.50,9.20,N1,02,,23.30,,,22.80,26.00,
522,7.40,7,,,,6.25,7.25,9.50,6.60,N6,02,,23.00,,,20.50,21.00,
523,8.40,7.25,,,,6.50,8.75,10,9,N1,02,,25.30,,,22.50,24.70,
524,8.40,6.25,7.25,7,5.25,,,,8,N1,02,19.50,,22.70,20.70,,22.70,23.70
525,8,7.25,6.25,7,5,,,,8.40,N1,02,18.30,,21.30,20.00,,23.70,22.70
526,6.40,7.25,,,,2.50,6.25,8.75,7.80,N1,02,,17.50,,,16.00,21.50,
527,8.20,7,8.50,8.50,8,,,,8.80,N1,02,25.00,,25.20,24.70,,24.00,25.50
528,7.60,7.50,5.25,6.75,6.75,,,,9.40,N1,02,18.80,,19.60,21.10,,24.50,22.30
529,7.60,7,6.25,8.25,6,,,,9,N1,02,20.50,,22.10,21.90,,23.60,22.90
530,7,7.25,6,7,5,,,,9.20,N1,02,18.00,,20.00,19.00,,23.50,22.20
531,8.20,6.75,8,6.75,3.25,,,,9,N1,02,18.00,,23.00,18.20,,24.00,25.20
532,8.20,6.75,8.25,7.50,5,,,,7.80,N1,02,20.80,,24.00,20.70,,22.80,24.30
533,7.60,6.25,7.25,5.25,3.50,,,,9.80,N1,02,16.00,,20.10,16.40,,23.70,24.70
534,8,7.50,7.25,4,6.25,,,,8,N1,02,17.50,,19.30,18.30,,23.50,23.30
535,8.60,8.25,7,6.50,6.50,,,,10,N1,02,20.00,,22.10,21.60,,26.90,25.60
536,7.80,8.75,,,,4.75,6.75,7.25,9,N1,02,,18.80,,,20.30,25.60,
537,8.80,7.50,,,,7.75,8.75,8.25,8.60,N1,02,,24.80,,,24.00,24.90,
538,8,7.50,7.75,8.50,6,,,,8.40,N1,02,22.30,,24.30,22.50,,23.90,24.20
539,8.40,7.25,7.50,7,5,,,,8,N1,02,19.50,,22.90,20.40,,23.70,23.90
540,8.40,7.75,5.50,7.50,5.50,,,,8.60,N1,02,18.50,,21.40,21.40,,24.80,22.50
541,8,7,7,5.25,3,,,,8.80,N1,02,15.30,,20.30,16.30,,23.80,23.80
542,6.80,6,5.75,7,6,,,,8.20,N1,02,18.80,,19.60,19.80,,21.00,20.80
543,9.20,5.50,7.25,6.75,4.75,,,,9,N1,02,18.80,,23.20,20.70,,23.70,25.50
544,8,5,5,8,5,,,,8.80,N1,02,18.00,,21.00,21.00,,21.80,21.80
545,7.80,7.25,8,8,6.75,,,,9,N1,02,22.80,,23.80,22.60,,24.10,24.80
546,8,6.50,7.75,6.50,5,,,,4.80,N1,02,19.30,,22.30,19.50,,19.30,20.60
547,7.20,6.25,4,7,6.50,,,,7,N1,02,17.50,,18.20,20.70,,20.50,18.20
548,8.60,6,5.50,8.50,8.50,,,,9.20,N1,02,22.50,,22.60,25.60,,23.80,23.30
549,7.40,6.75,6.25,5.75,4,,,,8.20,N1,02,16.00,,19.40,17.20,,22.40,21.90
550,7.20,6.50,6.50,8,5.25,,,,9,N1,02,19.80,,21.70,20.50,,22.70,22.70
551,8.40,7,,,,7.25,8,8,9,N1,02,,23.30,,,22.30,24.40,
552,9,6.25,7.75,5.75,5.75,,,,9,N1,02,19.30,,22.50,20.50,,24.30,25.80
553,8,6.50,7.25,6.75,4,,,,8.60,N1,02,18.00,,22.00,18.80,,23.10,23.90
554,8,6.75,7.50,6.75,3.50,,,,8.60,N1,02,17.80,,22.30,18.30,,23.40,24.10
555,8.80,6,6,5.50,5,,,,8.80,N1,02,16.50,,20.30,19.30,,23.60,23.60
556,8.40,7.50,6.75,7.50,6.50,,,,9.40,N1,02,20.80,,22.70,22.40,,25.30,24.60
557,8.20,7.25,6.25,6.75,7.25,,,,7,N1,02,20.30,,21.20,22.20,,22.50,21.50
558,8.60,6,7.25,5.75,6.75,,,,9.20,N1,02,19.80,,21.60,21.10,,23.80,25.00
559,7.60,7.25,,,,7.75,7,7,,,02,,21.80,,,22.00,,
560,7,7,7,6.25,5.25,,,,9,N1,02,18.50,,20.30,18.50,,23.00,23.00
561,7.20,7.50,7.25,7.75,7.25,,,,8.60,N1,02,22.30,,22.20,22.20,,23.30,23.00
562,8.40,4.75,7,3.75,4.25,,,,9,N1,02,15.00,,19.20,16.40,,22.20,24.40
563,8.60,6.75,7,6.50,5.75,,,,8,N1,02,19.30,,22.10,20.90,,23.40,23.60
564,7,6.25,,,,4.50,7.25,8.25,7.40,N1,02,,20.00,,,18.00,20.70,
565,7.60,7.50,,,,6.75,8,7,7.80,N1,02,,21.80,,,22.30,22.90,
566,7.40,5.50,5,7.50,5.50,,,,8.60,N1,02,18.00,,19.90,20.40,,21.50,21.00
567,8.20,7,,,,3.50,5.75,7.25,9.20,N1,02,,16.50,,,16.30,24.40,
568,6.20,6.75,,,,6.50,5.50,7.75,7.60,N1,02,,19.80,,,18.80,20.50,
569,6.80,7.50,,,,5.75,6.75,9.50,8.80,N1,02,,22.00,,,20.00,23.10,
570,8.40,6.75,7,7.75,4.75,,,,5.40,N1,02,19.50,,23.20,20.90,,20.60,20.80
571,6,6.50,6.75,5,5.25,,,,9,N1,02,17.00,,17.80,16.30,,21.50,21.80
572,8.80,6.50,8,8.25,5,,,,8.20,N1,02,21.30,,25.10,22.10,,23.50,25.00
573,7.20,7,5.75,4,4.50,,,,7.80,N1,02,14.30,,17.00,15.70,,22.00,20.80
574,6.60,6,6,4.50,6,,,,7.60,N1,02,16.50,,17.10,17.10,,20.20,20.20
575,8.60,7.25,8.25,6.75,6.50,,,,9.60,N1,02,21.50,,23.60,21.90,,25.50,26.50
576,7.60,6.75,5.50,4,4.50,,,,8.20,N1,02,14.00,,17.10,16.10,,22.50,21.30
577,7.80,7.50,6.75,8,5.50,,,,6,N1,02,20.30,,22.60,21.30,,21.30,20.60
578,5.60,6.25,4.75,4,4.25,,,,7.80,N1,02,13.00,,14.40,13.90,,19.70,18.20
579,7.80,6.50,6.25,3.25,5.50,,,,9,N1,02,15.00,,17.30,16.60,,23.30,23.10
580,6.40,6.50,6.50,5.25,4,,,,9.80,N1,02,15.80,,18.20,15.70,,22.70,22.70
581,8,8,,,,5.50,6.75,8.25,9.40,N1,02,,20.50,,,20.30,25.40,
582,5.80,8.25,,,,7.75,7.50,9.25,7.40,N1,02,,24.50,,,23.50,21.50,
583,7.80,5.50,6,7,5.50,,,,6.20,N1,02,18.50,,20.80,20.30,,19.50,20.00
584,8.40,7.25,7,4.75,6.25,,,,8.20,N1,02,18.00,,20.20,19.40,,23.90,23.60
585,8.20,7.50,8,6,6,,,,8.60,N1,02,20.00,,22.20,20.20,,24.30,24.80
586,8,6,5.75,8.25,8,,,,9.40,N1,02,22.00,,22.00,24.30,,23.40,23.20
587,7.40,6.50,,,,4.25,6,7.75,9.60,N1,02,,18.00,,,16.80,23.50,
588,7.20,7.50,7.75,7.75,5,,,,8.60,N1,02,20.50,,22.70,20.00,,23.30,23.50
589,7.60,8.25,,,,8.50,7.25,9,8.60,N1,02,,24.80,,,24.00,24.50,
590,8.80,7.25,6.75,8.25,9.25,,,,9.20,N1,02,24.30,,23.80,26.30,,25.30,24.80
591,7.20,7.75,6.75,7.25,4.75,,,,7.80,N1,02,18.80,,21.20,19.20,,22.80,21.80
592,6.60,6.75,,,,4.75,6,8.25,8.60,N1,02,,19.00,,,17.50,22.00,
593,7.60,7.75,7,6.75,6,,,,8.80,N1,02,19.80,,21.40,20.40,,24.20,23.40
594,7,8,,,,2.50,6.50,8.50,7.80,N1,02,,17.50,,,17.00,22.80,
595,7.80,7.75,,,,8,7.50,9.50,9,N1,02,,25.00,,,23.30,24.60,
596,8.60,7.50,7.75,8.25,6.25,,,,8.80,N1,02,22.30,,24.60,23.10,,24.90,25.20
597,8.40,7.50,7,6.75,5.75,,,,9.40,N1,02,19.50,,22.20,20.90,,25.30,24.80
598,8.40,7.50,4.50,5.50,3.75,,,,9.40,N1,02,13.80,,18.40,17.70,,25.30,22.30
599,7,7,6.25,6.50,7.25,,,,8.20,N1,02,20.00,,19.80,20.80,,22.20,21.50
600,8.20,7.50,,,,8,7.50,9.50,9.40,N1,02,,25.00,,,23.00,25.10,
601,7.20,7.75,,,,6.50,6.50,8.50,9,N1,02,,21.50,,,20.80,24.00,
602,9,8.50,6.25,7,6.50,,,,9.40,N1,02,19.80,,22.30,22.50,,26.90,24.70
603,8.20,7.50,,,,5,6.75,7.50,9,N1,02,,19.30,,,19.30,24.70,
604,8.20,6,6.75,8.25,8.25,,,,7.20,N1,02,23.30,,23.20,24.70,,21.40,22.20
605,8.20,6.50,8.50,5.25,6.25,,,,9,N1,02,20.00,,22.00,19.70,,23.70,25.70
606,7.80,7.50,,,,4.75,6.25,6.25,9.40,N1,02,,17.30,,,18.50,24.70,
607,7.80,7,6.50,4.50,6.25,,,,8.80,N1,02,17.30,,18.80,18.60,,23.60,23.10
608,7.20,7.50,,,,5,6.25,8.75,9.20,N1,02,,20.00,,,18.80,23.90,
609,8.20,8.75,6.75,6.25,6,,,,9.40,N1,02,19.00,,21.20,20.50,,26.40,24.40
610,8.80,7,8.25,6.75,4.75,,,,6.40,N1,02,19.80,,23.80,20.30,,22.20,23.50
611,8,7.25,8,7.25,7.50,,,,9.20,N1,02,22.80,,23.30,22.80,,24.50,25.20
612,9,6.50,7.50,8,7.25,,,,8.40,N1,02,22.80,,24.50,24.30,,23.90,24.90
613,8.80,7.25,8,6.50,5.50,,,,9.60,N1,02,20.00,,23.30,20.80,,25.70,26.40
614,7.60,7.75,5.75,6.75,6.50,,,,8.40,N1,02,19.00,,20.10,20.90,,23.80,21.80
615,7,4.75,,,,4.75,6.75,9.50,8.60,N1,02,,21.00,,,16.30,20.40,
616,7.20,7.50,,,,7.75,7.50,9.25,8.80,N1,02,,24.50,,,22.80,23.50,
617,6.80,7.25,,,,3.75,7.50,7.50,8.40,N1,02,,18.80,,,18.50,22.50,
618,7.20,7,5.75,6.25,6.50,,,,8.80,N1,02,18.50,,19.20,20.00,,23.00,21.80
619,7.60,7.25,5,4.25,5,,,,8.80,N1,02,14.30,,16.90,16.90,,23.70,21.40
620,7.80,7.50,,,,5.25,7.50,9,9,N1,02,,21.80,,,20.30,24.30,
621,6.80,7.50,,,,6.75,8.25,9,9.40,N1,02,,24.00,,,22.50,23.70,
622,7.20,7.75,,,,6,8,8.75,8.60,N1,02,,22.80,,,21.80,23.50,
623,7.80,7,,,,7.75,8,10,9.20,N1,02,,25.80,,,22.80,24.00,
624,6,6.50,5.25,6.25,4,,,,7.60,N1,02,15.50,,17.50,16.30,,20.10,18.90
625,7.80,7.25,5.75,4.50,5,,,,9.40,N1,02,15.30,,18.10,17.30,,24.50,23.00
626,8.20,8,,,,7.50,7.50,9.75,9.20,N1,02,,24.80,,,23.00,25.40,
627,7.60,6.50,5.50,5.25,4.75,,,,7.60,N1,02,15.50,,18.40,17.60,,21.70,20.70
628,7.20,7.50,6.50,7,6.75,,,,9,N1,02,20.30,,20.70,21.00,,23.70,22.70
629,7,4,6.75,8,6.25,,,,4.60,N1,02,21.00,,21.80,21.30,,15.60,18.40
630,8.20,7.75,7.50,6,4.50,,,,9.60,N1,02,18.00,,21.70,18.70,,25.50,25.30
631,8.80,7.25,5.75,7,8.25,,,,7.40,N1,02,21.00,,21.60,24.10,,23.50,22.00
632,8,7,,,,5,7.75,9.75,9.60,N1,02,,22.50,,,19.80,24.60,
633,5.80,5.75,,,,6.50,7.75,8.25,8.80,N1,02,,22.50,,,20.00,20.40,
634,5.40,7.25,,,,9.25,7.50,9.50,9,N1,02,,26.30,,,24.00,21.70,
635,7.40,6.50,5.25,6.25,5,,,,9.40,N1,02,16.50,,18.90,18.70,,23.30,22.10
636,6.80,7.25,,,,3.50,7.75,8.25,6,N1,02,,19.50,,,18.50,20.10,
637,8.40,7,,,,7.50,7.50,8.75,8.40,N1,02,,23.80,,,22.00,23.80,
638,8.60,7,5.50,5,6,,,,9,N1,02,16.50,,19.10,19.60,,24.60,23.10
639,8.40,6,7.50,7.75,4.50,,,,6.40,N1,02,19.80,,23.70,20.70,,20.80,22.30
640,8,7.25,4,5,6.25,,,,9.20,N1,02,15.30,,17.00,19.30,,24.50,21.20
641,6.60,6,6.50,5.75,5.75,,,,9,N1,02,18.00,,18.90,18.10,,21.60,22.10
642,8.20,7,,,,4.25,5.50,7.50,9.40,N1,02,,17.30,,,16.80,24.60,
643,8.40,6.25,6.75,8,6.50,,,,9,N1,02,21.30,,23.20,22.90,,23.70,24.20
644,7.80,7,5.25,6.50,4.75,,,,8.40,N1,02,16.50,,19.60,19.10,,23.20,21.50
645,8.40,6.75,7.25,6.75,7,,,,6.80,N1,02,21.00,,22.40,22.20,,22.00,22.50
646,7.40,6.50,,,,4.50,6.25,9,8.20,N1,02,,19.80,,,17.30,22.10,
647,8.80,5.25,6.50,8,5,,,,6.20,N1,02,19.50,,23.30,21.80,,20.30,21.50
648,7.80,5.25,5.25,6.75,6.50,,,,7.60,N1,02,18.50,,19.80,21.10,,20.70,20.70
649,7.80,5.25,6.50,5.50,5.25,,,,9.80,N1,02,17.30,,19.80,18.60,,22.90,24.10
650,7.60,6.75,,,,3,7.25,8.25,8.40,N1,02,,18.50,,,17.00,22.80,
651,5.20,1.75,,,,2.75,3.50,5.25,4.60,N1,02,,11.50,,,8.00,11.60,
652,7.40,6.75,,,,5.25,7.75,8.25,8.60,N1,02,,21.30,,,19.80,22.80,
653,6.80,6.50,,,,3.25,6.25,8.75,7.60,N1,02,,18.30,,,16.00,20.90,
654,8.40,6.75,6,8.75,5.75,,,,7,N1,02,20.50,,23.20,22.90,,22.20,21.40
655,6,6.50,,,,7,7.75,8.75,8,N1,02,,23.50,,,21.30,20.50,
656,7.40,8,4.75,4.50,4.75,,,,7.80,N1,02,14.00,,16.70,16.70,,23.20,20.00
657,7,7.50,6.25,7.50,6.25,,,,8.40,N1,02,20.00,,20.80,20.80,,22.90,21.70
658,7.20,5.75,4.25,6.25,8,,,,8.20,N1,02,18.50,,17.70,21.50,,21.20,19.70
659,8,3.75,7,7,5,,,,6.60,N1,02,19.00,,22.00,20.00,,18.40,21.60
660,7.80,5.75,6.75,5.25,6,,,,8.80,N1,02,18.00,,19.80,19.10,,22.40,23.40
661,7.20,5.75,6.50,6.25,4.25,,,,6.20,N1,02,17.00,,20.00,17.70,,19.20,19.90
662,7.20,7.25,6.50,6.75,6,,,,8,N1,02,19.30,,20.50,20.00,,22.50,21.70
663,7.20,6,,,,5.25,6.25,9,7.60,N1,02,,20.50,,,17.50,20.80,
664,8.60,8,4.50,6.25,4.50,,,,9.80,N1,02,15.30,,19.40,19.40,,26.40,22.90
665,8.60,7.25,,,,6.75,6.25,7.75,9.40,N1,02,,20.80,,,20.30,25.30,
666,7,7,7.75,6.50,5.25,,,,9.20,N1,02,19.50,,21.30,18.80,,23.20,24.00
667,7.40,6.75,6,9,8.25,,,,5.20,N1,02,23.30,,22.40,24.70,,19.40,18.60
668,7,5.50,7,5.50,5.25,,,,9.20,N1,02,17.80,,19.50,17.80,,21.70,23.20
669,8.40,5.50,7.25,9,4.25,,,,8,N1,02,20.50,,24.70,21.70,,21.90,23.70
670,8,6.50,6.75,7.25,5.75,,,,4,N1,02,19.80,,22.00,21.00,,18.50,18.80
671,7.60,5.50,6.25,4.50,6.25,,,,9.20,N1,02,17.00,,18.40,18.40,,22.30,23.00
672,7.40,7.50,5.75,7.50,4.50,,,,8.60,N1,02,17.80,,20.70,19.40,,23.50,21.80
673,7.60,7.25,7.50,6.50,6.25,,,,9,N1,02,20.30,,21.60,20.40,,23.90,24.10
674,8.60,5.25,5.75,5,5.75,,,,9.40,N1,02,16.50,,19.40,19.40,,23.30,23.80
675,7.40,7.50,,,,4.50,7.50,9,9,N1,02,,21.00,,,19.50,23.90,
676,7.80,7,,,,6.50,6,8.50,8.20,N1,02,,21.00,,,19.50,23.00,
677,6.40,6.75,,,,3.75,7,9.25,9,N1,02,,20.00,,,17.50,22.20,
678,6.60,7.75,,,,6.25,6.50,8.25,9.20,N1,02,,21.00,,,20.50,23.50,
679,7.60,6.75,,,,7.75,8.25,8.75,9.20,N1,02,,24.80,,,22.80,23.50,
680,7.80,6.50,5.75,5.75,5,,,,9.60,N1,02,16.50,,19.30,18.60,,23.90,23.20
681,7,7,3.50,7,6.50,,,,6,N1,02,17.00,,17.50,20.50,,20.00,16.50
682,6.60,7.25,,,,4,6.25,9.75,9.20,N1,02,,20.00,,,17.50,23.00,
683,5.80,6.25,4,4.50,4.50,,,,7.60,N1,02,13.00,,14.30,14.80,,19.70,17.40
684,7.40,6.25,,,,5,9,9.25,8.20,N1,02,,23.30,,,20.30,21.90,
685,8.40,8.50,6,5.50,5.25,,,,6,N1,02,16.80,,19.90,19.20,,22.90,20.40
686,8,6.25,6.50,7.50,8.25,,,,7.40,N1,02,22.30,,22.00,23.80,,21.70,21.90
687,7.60,6,5.75,4.25,5.25,,,,7.60,N1,02,15.30,,17.60,17.10,,21.20,21.00
688,8.60,7.50,7.25,8.75,6.50,,,,9,N1,02,22.50,,24.60,23.90,,25.10,24.90
689,6.80,6,4.25,3.50,5.50,,,,8.60,N1,02,13.30,,14.60,15.80,,21.40,19.70
690,7.20,6.25,6.25,4.50,5.25,,,,8.40,N1,02,16.00,,18.00,17.00,,21.90,21.90
691,5,6.75,5.25,4,3.50,,,,7.60,N1,02,12.80,,14.30,12.50,,19.40,17.90
692,6.80,3,5.50,6,3.25,,,,9,N1,02,14.80,,18.30,16.10,,18.80,21.30
693,8.40,8.25,6.25,8.25,8,,,,9.80,N1,02,22.50,,22.90,24.70,,26.50,24.50
694,8,7.50,,,,6,7,8.25,7.60,N1,02,,21.30,,,20.50,23.10,
695,6.60,6.50,,,,5,5.75,8.75,9.60,N1,02,,19.50,,,17.30,22.70,
696,7.40,4.25,4.75,7.75,5.25,,,,8.40,N1,02,17.80,,19.90,20.40,,20.10,20.60
697,7.60,6.75,4.50,5.50,3,,,,,,02,13.00,,17.60,16.10,,,
698,7.60,6,5.50,6.75,6,,,,8.20,N1,02,18.30,,19.90,20.40,,21.80,21.30
699,8.40,6,5.50,6.75,6.25,,,,9.20,N1,02,18.50,,20.70,21.40,,23.60,23.10
700,6.20,6,5.50,5,6,,,,9,N1,02,16.50,,16.70,17.20,,21.20,20.70
701,6.60,4.50,4.50,4.50,6.75,,,,8.20,N1,02,15.80,,15.60,17.90,,19.30,19.30
702,8.60,8.25,7,7.25,7,,,,8.80,N1,02,21.30,,22.90,22.90,,25.70,24.40
703,7.40,8.25,,,,7,7.50,9,9.40,N1,02,,23.50,,,22.80,25.10,
704,7.80,7.50,,,,5.25,7.75,8.75,8.80,N1,02,,21.80,,,20.50,24.10,
705,7.40,8,,,,8.75,8.25,9,8,N1,02,,26.00,,,25.00,23.40,
706,8.40,7.75,6.50,5.25,5.75,,,,9.80,N1,02,17.50,,20.20,19.40,,26.00,24.70
707,7.80,6,6.75,4,4.75,,,,9.40,N1,02,15.50,,18.60,16.60,,23.20,24.00
708,7.40,7,5.75,7.25,6.25,,,,7.20,N1,02,19.30,,20.40,20.90,,21.60,20.40
709,7.20,5.75,4.25,8.75,5.75,,,,9.20,N1,02,18.80,,20.20,21.70,,22.20,20.70
710,7.60,5.75,5.75,7.50,5.25,,,,7.80,N1,02,18.50,,20.90,20.40,,21.20,21.20
711,8.40,6.25,5,7,6.75,,,,8.40,N1,02,18.80,,20.40,22.20,,23.10,21.80
712,8,6.25,,,,5,8,9.50,7.60,N1,02,,22.50,,,19.30,21.90,
713,8.80,6.25,6.75,6.75,4.25,,,,9.80,N1,02,17.80,,22.30,19.80,,24.90,25.40
714,7.60,6.75,,,,5.50,7.25,8.25,7,N1,02,,21.00,,,19.50,21.40,
715,8,7.25,8.25,7.50,4.25,,,,7.40,N1,02,20.00,,23.80,19.80,,22.70,23.70
716,7.40,6.50,7,7.50,6,,,,7.40,N1,02,20.50,,21.90,20.90,,21.30,21.80
717,8.40,4.50,7.75,8.25,4.25,,,,7.80,N1,02,20.30,,24.40,20.90,,20.70,24.00
718,5.20,5.25,6,6.25,4.75,,,,6.40,N1,02,17.00,,17.50,16.20,,16.90,17.60
719,8.80,4.50,4.50,8.50,8.75,,,,8.80,N1,02,21.80,,21.80,26.10,,22.10,22.10
720,7.60,6.75,4.75,7.25,4.75,,,,8.80,N1,02,16.80,,19.60,19.60,,23.20,21.20
721,8,7.50,,,,5,6.75,9.25,8.40,N1,02,,21.00,,,19.30,23.90,
722,8.40,6.75,,,,6.75,8.50,9.75,9.40,N1,02,,25.00,,,22.00,24.60,
723,8,8,6.25,4.75,6,,,,7.20,N1,02,17.00,,19.00,18.80,,23.20,21.50
724,7,7,7.25,4.50,5.75,,,,9,N1,02,17.50,,18.80,17.30,,23.00,23.30
725,7,7.25,,,,7,7.50,8.25,8.80,N1,02,,22.80,,,21.80,23.10,
726,8.60,7.75,,,,7.75,7.75,10,8.80,N1,02,,25.50,,,23.30,25.20,
727,6.80,6.50,6.75,6.50,5.75,,,,8,N1,02,19.00,,20.10,19.10,,21.30,21.60
728,8,6,6.25,5.50,6.25,,,,8.20,N1,02,18.00,,19.80,19.80,,22.20,22.50
729,7.40,7.75,6.75,6,6.25,,,,8.40,N1,02,19.00,,20.20,19.70,,23.60,22.60
730,7.80,8,5.25,8.50,6,,,,7.40,N1,02,19.80,,21.60,22.30,,23.20,20.50
731,6,8,,,,6.25,8,9.25,6.40,N1,02,,23.50,,,22.30,20.40,
732,6.20,7.75,4.75,4,5.50,,,,7.80,N1,02,14.30,,15.00,15.70,,21.80,18.80
733,7.80,6.50,6.25,6.75,6.50,,,,6.40,N1,02,19.50,,20.80,21.10,,20.70,20.50
734,7.80,6,6,5,4,,,,8.60,N1,02,15.00,,18.80,16.80,,22.40,22.40
735,8.60,6.50,4.25,7.25,8.25,,,,8.20,N1,02,19.80,,20.10,24.10,,23.30,21.00
736,7.80,6,7.25,6.75,4.50,,,,6.60,N1,02,18.50,,21.80,19.10,,20.40,21.70
737,8,6.75,,,,4,7,8.50,8.20,N1,02,,19.50,,,17.80,23.00,
738,7.20,4.75,7,8,8.25,,,,8.80,N1,02,23.30,,22.20,23.50,,20.80,23.00
739,8.40,6.50,,,,5,7.75,9.25,9.60,N1,02,,22.00,,,19.30,24.50,
740,8.20,6.50,7,6.75,5,,,,7,N1,02,18.80,,22.00,20.00,,21.70,22.20
741,7.60,6,7.50,6.75,4.75,,,,8.80,N1,02,19.00,,21.90,19.10,,22.40,23.90
742,8.40,6,5.50,7.25,4.50,,,,6.60,N1,02,17.30,,21.20,20.20,,21.00,20.50
743,6.80,6.50,,,,6.25,7.75,8.25,9,N1,02,,22.30,,,20.50,22.30,
744,7.80,5.25,3.25,4,4,,,,3.80,N1,02,11.30,,15.10,15.80,,16.90,14.90
745,7.80,6.50,5.75,6.75,7.75,,,,9,N1,02,20.30,,20.30,22.30,,23.30,22.60
746,5.40,4,4.25,4,3.25,,,,2.60,N1,02,11.50,,13.70,12.70,,12.00,12.30
747,8.40,6,7,8.25,7,,,,7.20,N1,02,22.30,,23.70,23.70,,21.60,22.60
748,7.20,5,,,,2.50,7,7.25,7.40,N1,02,,16.80,,,14.50,19.60,
749,4.40,6,,,,3.25,6.25,8.25,4.20,N1,02,,17.80,,,15.50,14.60,
750,8.20,5.25,5.50,7.75,5.50,,,,8.80,N1,02,18.80,,21.50,21.50,,22.30,22.50
751,7.20,7,6.75,6.50,6,,,,7.80,N1,02,19.30,,20.50,19.70,,22.00,21.80
752,6.80,6.25,6,2.75,5,,,,8.60,N1,02,13.80,,15.60,14.60,,21.70,21.40
753,7.80,7.75,,,,8.75,8.75,9.75,9.20,N1,02,,27.30,,,25.30,24.80,
754,7,6,5.25,6.75,5.25,,,,7.60,N1,02,17.30,,19.00,19.00,,20.60,19.90
755,6.20,5.25,4,6.50,6.75,,,,7.20,N1,02,17.30,,16.70,19.50,,18.70,17.40
756,7.60,4,6,4.50,5.50,,,,6.80,N1,02,16.00,,18.10,17.60,,18.40,20.40
757,6.60,5.50,5,8,4,,,,6.20,N1,02,17.00,,19.60,18.60,,18.30,17.80
758,5.60,6,,,,7.75,8.50,9.50,7,N1,02,,25.80,,,22.30,18.60,
759,8.40,6,7.25,7.50,4,,,,8.60,N1,02,18.80,,23.20,19.90,,23.00,24.30
760,8.40,5.50,6.75,7.75,6,,,,8.20,N1,02,20.50,,22.90,22.20,,22.10,23.40
761,8.60,6.50,7.75,6.50,6,,,,9.20,N1,02,20.30,,22.90,21.10,,24.30,25.60
762,8.40,6,7.75,7.50,5,,,,7.60,N1,02,20.30,,23.70,20.90,,22.00,23.80
763,7.80,6.50,3.50,5.50,4.50,,,,9.60,N1,02,13.50,,16.80,17.80,,23.90,20.90
764,8.40,8,6.75,9,7.25,,,,9.40,N1,02,23.00,,24.20,24.70,,25.80,24.60
765,8.40,5.50,5.75,5.75,4,,,,8.40,N1,02,15.50,,19.90,18.20,,22.30,22.60
766,7,6.50,,,,6,6.25,8.50,8.40,N1,02,,20.80,,,18.80,21.90,
767,8,7,5,5,4.75,,,,9,N1,02,14.80,,18.00,17.80,,24.00,22.00
768,7.60,6.50,6.75,7.50,3.75,,,,7.40,N1,02,18.00,,21.90,18.90,,21.50,21.80
769,7.40,6.25,,,,5.50,8.50,9.75,9,N1,02,,23.80,,,20.30,22.70,
770,7.80,4.50,5.25,6,3.75,,,,9.20,N1,02,15.00,,19.10,17.60,,21.50,22.30
771,7.80,6,5.50,6.25,6.50,,,,9.20,N1,02,18.30,,19.60,20.60,,23.00,22.50
772,8.40,7.25,,,,7.25,8.50,7.50,9.20,N1,02,,23.30,,,23.00,24.90,
773,8,6.25,7,9,6.50,,,,7.80,N1,02,22.50,,24.00,23.50,,22.10,22.80
774,7,8.50,7,7,6.75,,,,8.80,N1,02,20.80,,21.00,20.80,,24.30,22.80
775,8.40,7.25,8.25,6.75,6,,,,9.20,N1,02,21.00,,23.40,21.20,,24.90,25.90
776,6.40,6.50,,,,4.75,6.75,8.50,8.80,N1,02,,20.00,,,18.00,21.70,
777,7.60,7,7.50,7.75,6.25,,,,9.40,N1,02,21.50,,22.90,21.60,,24.00,24.50
778,6.60,7.50,5.75,4.75,4.50,,,,8.80,N1,02,15.00,,17.10,15.90,,22.90,21.20
779,7,6.25,6.25,6.50,5,,,,9,N1,02,17.80,,19.80,18.50,,22.30,22.30
780,8.20,7,,,,7.50,8.50,9.50,9.60,N1,02,,25.50,,,23.00,24.80,
781,7.80,7,7,7.25,8,,,,9.80,N1,02,22.30,,22.10,23.10,,24.60,24.60
782,8.20,5.50,8,5.50,5.50,,,,8.80,N1,02,19.00,,21.70,19.20,,22.50,25.00
783,6.40,6.75,,,,6.25,7.75,9.25,6.80,N1,02,,23.30,,,20.80,20.00,
784,7.40,7,,,,2.75,8,9.25,8.60,N1,02,,20.00,,,17.80,23.00,
785,7,6.75,4.50,5.75,5.75,,,,8.40,N1,02,16.00,,17.30,18.50,,22.20,19.90
786,7,7.50,,,,6.25,7.75,9.75,8.80,N1,02,,23.80,,,21.50,23.30,
787,7.20,6.25,6.50,6.25,4.75,,,,8.80,N1,02,17.50,,20.00,18.20,,22.30,22.50
788,5.80,7.50,3.25,4.25,3,,,,8,N1,02,10.50,,13.30,13.10,,21.30,17.10
789,8,7.50,,,,7,7,9.75,8.40,N1,02,,23.80,,,21.50,23.90,
790,8.40,6.50,7,6.75,7.25,,,,7.20,N1,02,21.00,,22.20,22.40,,22.10,22.60
791,6.80,7.75,5.75,6.50,4,,,,9,N1,02,16.30,,19.10,17.30,,23.60,21.60
792,6.80,6.50,6.25,6.75,5,,,,9.40,N1,02,18.00,,19.80,18.60,,22.70,22.50
793,8.20,7.25,6.25,5.75,5,,,,7.80,N1,02,17.00,,20.20,19.00,,23.30,22.30
794,6.80,6.50,,,,7.75,7.50,6.25,7.20,N1,02,,21.50,,,21.80,20.50,
795,8,6.25,7.25,6.50,5.25,,,,8.60,N1,02,19.00,,21.80,19.80,,22.90,23.90
796,9,5.25,7.25,7.25,5.75,,,,9.20,N1,02,20.30,,23.50,22.00,,23.50,25.50
797,7.80,7,6,8.50,6.75,,,,8.60,N1,02,21.30,,22.30,23.10,,23.40,22.40
798,8.60,7.50,7.75,6.50,6.75,,,,9.40,N1,02,21.00,,22.90,21.90,,25.50,25.80
799,8.20,6.50,7.25,8,5.25,,,,9.40,N1,02,20.50,,23.50,21.50,,24.10,24.90
800,7.60,6.50,6,5.50,5.50,,,,9.20,N1,02,17.00,,19.10,18.60,,23.30,22.80
801,7.80,6,5.50,7.25,6,,,,8.80,N1,02,18.80,,20.60,21.10,,22.60,22.10
802,7.60,5.75,6,6,5.75,,,,8.60,N1,02,17.80,,19.60,19.40,,22.00,22.20
803,7.60,4.67,4.50,5.75,5,,,,5.20,N1,02,15.30,,17.90,18.40,,17.50,17.30
804,7,5.75,4.75,5,5.50,,,,8.20,N1,02,15.30,,16.80,17.50,,21.00,20.00
805,7.40,7,,,,3.50,6.50,8.75,8.60,N1,02,,18.80,,,17.00,23.00,
806,7,6.75,5.75,4.50,3.75,,,,8.60,N1,02,14.00,,17.30,15.30,,22.40,21.40
807,8.60,6,4.25,6.75,4.75,,,,9,N1,02,15.80,,19.60,20.10,,23.60,21.90
808,8.40,7.25,6.25,8,6.50,,,,9.40,N1,02,20.80,,22.70,22.90,,25.10,24.10
809,6.40,7,4.75,3.50,3.50,,,,9,N1,02,11.80,,14.70,13.40,,22.40,20.20
810,6.40,6.50,5.25,5,5.25,,,,8,N1,02,15.50,,16.70,16.70,,20.90,19.70
811,5.40,6.25,4.75,6,3.50,,,,9,N1,02,14.30,,16.20,14.90,,20.70,19.20
812,8.40,6.75,7.75,7.75,7,,,,7.60,N1,02,22.50,,23.90,23.20,,22.80,23.80
813,8.40,6.50,7,7.50,6.25,,,,8.60,N1,02,20.80,,22.90,22.20,,23.50,24.00
814,7.20,6.42,7.25,8.25,3.50,,,,6.40,N1,02,19.00,,22.70,19.00,,20.00,20.90
815,7.40,7.50,5.50,6.25,6,,,,9,N1,02,17.80,,19.20,19.70,,23.90,21.90
816,7.40,6.50,6,8.25,7.75,,,,7.40,N1,02,22.00,,21.70,23.40,,21.30,20.80
817,8.80,5.25,6,7,5.75,,,,7.60,N1,02,18.80,,21.80,21.60,,21.70,22.40
818,8,6.25,6.50,8,6.75,,,,7.20,N1,02,21.30,,22.50,22.80,,21.50,21.70
819,7.60,6.25,,,,4,7.25,8.50,9.20,N1,02,,19.80,,,17.50,23.00,
820,7.60,7,5.75,7,5.50,,,,9,N1,02,18.30,,20.40,20.10,,23.60,22.40
821,8,5.50,,,,5.75,6.50,8.50,9.60,N1,02,,20.80,,,17.80,23.10,
822,8,6.75,,,,7,8.50,9.50,8.40,N1,02,,25.00,,,22.30,23.20,
823,8.60,7,7.75,7.50,6,,,,8.40,N1,02,21.30,,23.90,22.10,,24.00,24.80
824,7.60,5.75,,,,4,7.50,9.25,,,02,,20.80,,,17.30,,
825,7.80,7.75,7,7.75,6.25,,,,8.60,N1,02,21.00,,22.60,21.80,,24.20,23.40
826,7.60,7,,,,5.25,6.25,9.50,8,N1,02,,21.00,,,18.50,22.60,
827,8,6.75,,,,7.75,8,9.50,6.20,N1,02,,25.30,,,22.50,21.00,
828,8,6.50,5.25,8,6.25,,,,7.80,N1,02,19.50,,21.30,22.30,,22.30,21.10
829,6.80,6.75,5.25,5.50,6,,,,6.40,N1,02,16.80,,17.60,18.30,,20.00,18.50
830,7.60,6,6.50,7.25,4.75,,,,7.60,N1,02,18.50,,21.40,19.60,,21.20,21.70
831,8.20,6.50,,,,7,6.25,8.75,9.60,N1,02,,22.00,,,19.80,24.30,
832,7.20,6.75,,,,8.25,7.75,9.50,8,N1,02,,25.50,,,22.80,22.00,
833,8.20,6.50,6.75,6.75,6.25,,,,8,N1,02,19.80,,21.70,21.20,,22.70,23.00
834,8.20,6,5,6.75,3.75,,,,7.20,N1,02,15.50,,20.00,18.70,,21.40,20.40
835,6.80,6.50,4.75,4.50,4.75,,,,6.80,N1,02,14.00,,16.10,16.10,,20.10,18.40
836,7.60,6.50,5,6.25,7.75,,,,9.20,N1,02,19.00,,18.90,21.60,,23.30,21.80
837,8.20,6,8.25,6,6.50,,,,9,N1,02,20.80,,22.50,20.70,,23.20,25.50
838,6.40,7,5.25,4.50,5,,,,8,N1,02,14.80,,16.20,15.90,,21.40,19.70
839,7.20,6,7.25,7.50,5.25,,,,8.20,N1,02,20.00,,22.00,20.00,,21.40,22.70
840,7.60,7.25,,,,6,7.50,9.50,9.40,N1,02,,23.00,,,20.80,24.30,
841,6.80,8,5,6.75,3,,,,8.20,N1,02,14.80,,18.60,16.60,,23.00,20.00
842,8.60,4.25,,,,6.25,7.25,8.50,8.80,N1,02,,22.00,,,17.80,21.70,
843,8.20,6.50,7.50,7.50,5.50,,,,8,N1,02,20.50,,23.20,21.20,,22.70,23.70
844,8.80,5,6.50,3.75,2.75,,,,8.80,N1,02,13.00,,19.10,15.30,,22.60,24.10
845,7.80,6.50,7,7.50,5.50,,,,8.20,N1,02,20.00,,22.30,20.80,,22.50,23.00
846,6.20,6.50,5.75,5.50,4.25,,,,8.20,N1,02,15.50,,17.50,16.00,,20.90,20.20
847,7,6.75,6.75,7.50,4.75,,,,9.20,N1,02,19.00,,21.30,19.30,,23.00,23.00
848,7.80,5.75,7.25,4.75,4.75,,,,8.40,N1,02,16.80,,19.80,17.30,,22.00,23.50
849,7.20,7,7.50,5.50,5,,,,9.20,N1,02,18.00,,20.20,17.70,,23.40,23.90
850,8.20,6.25,6,4.50,4.25,,,,6.80,N1,02,14.80,,18.70,17.00,,21.30,21.00
851,8,5.50,7.75,6.25,6.25,,,,8.60,N1,02,20.30,,22.00,20.50,,22.10,24.40
852,6.80,7.50,,,,6.75,8,9.25,9.20,N1,02,,24.00,,,22.30,23.50,
853,8,6.50,5.50,7.25,5.25,,,,8.60,N1,02,18.00,,20.80,20.50,,23.10,22.10
854,7.80,6.75,5,6.75,5.50,,,,6.80,N1,02,17.30,,19.60,20.10,,21.40,19.60
855,7.80,6.50,5.50,6.75,5.25,,,,9,N1,02,17.50,,20.10,19.80,,23.30,22.30
856,8.20,4.50,4,6,6.75,,,,8.80,N1,02,16.80,,18.20,21.00,,21.50,21.00
857,7.40,5.50,4.50,6.50,6.50,,,,7.40,N1,02,17.50,,18.40,20.40,,20.30,19.30
858,8,6.50,6.75,7.50,7.25,,,,6.20,N1,02,21.50,,22.30,22.80,,20.70,21.00
859,8.20,5.25,7,5.25,4.75,,,,9.40,N1,02,17.00,,20.50,18.20,,22.90,24.60
860,6.40,6.50,4.50,6,5,,,,8,N1,02,15.50,,16.90,17.40,,20.90,18.90
861,8.20,6.25,5.75,8,6,,,,8.80,N1,02,19.80,,22.00,22.20,,23.30,22.80
862,7.60,7.50,,,,6.75,7.75,9.50,8,N1,02,,24.00,,,22.00,23.10,
863,8,7.25,,,,4.75,7.75,10,8.60,N1,02,,22.50,,,19.80,23.90,
864,6.60,8,,,,4.25,8.50,9.50,6.40,N1,02,,22.30,,,20.80,21.00,
865,8.40,8.25,,,,6,7,8.25,8.80,N1,02,,21.30,,,21.30,25.50,
866,7.60,6.25,,,,5.25,7,8.75,8.20,N1,02,,21.00,,,18.50,22.00,
867,6.80,6.75,,,,4,7.50,9.25,7.60,N1,02,,20.80,,,18.30,21.20,
868,8.80,6,6.75,7.50,5.25,,,,6.40,N1,02,19.50,,23.10,21.60,,21.20,22.00
869,8,7.75,5.25,6.75,7.50,,,,8.80,N1,02,19.50,,20.00,22.30,,24.60,22.10
870,7.80,7.25,,,,7.25,8,10,9.20,N1,02,,25.30,,,22.50,24.30,
871,8.20,5.75,6.75,5.75,4.50,,,,6.40,N1,02,17.00,,20.70,18.50,,20.40,21.40
872,6.20,6.50,,,,3.50,6.75,8,7.80,N1,02,,18.30,,,16.80,20.50,
873,8,8.50,,,,5.75,7.25,9,8.80,N1,02,,22.00,,,21.50,25.30,
874,7,7.25,,,,8.25,8,9.75,7.60,N1,02,,26.00,,,23.50,21.90,
875,7.60,4.50,5.75,6.25,6.25,,,,8.80,N1,02,18.30,,19.60,20.10,,20.90,22.20
876,7.80,7.25,6.50,7,5.50,,,,6.40,N1,02,19.00,,21.30,20.30,,21.50,20.70
877,8.60,7.25,6,7.25,5.50,,,,7.40,N1,02,18.80,,21.90,21.40,,23.30,22.00
878,6.60,6.75,5,4.25,5.25,,,,7.60,N1,02,14.50,,15.90,16.10,,21.00,19.20
879,7,7.50,5.75,7.75,6,,,,6,N1,02,19.50,,20.50,20.80,,20.50,18.80
880,6.80,7,,,,7.25,8.25,9.25,8.60,N1,02,,24.80,,,22.50,22.40,
881,7.20,6.50,5.50,7.25,5.75,,,,8.60,N1,02,18.50,,20.00,20.20,,22.30,21.30
882,7.80,6.50,6.25,4.25,4.50,,,,7.80,N1,02,15.00,,18.30,16.60,,22.10,21.90
883,7.80,6.67,,,,8.50,8,8.75,8.80,N1,02,,25.30,,,23.20,23.30,
884,8.20,7,5.25,6,5.50,,,,8.80,N1,02,16.80,,19.50,19.70,,24.00,22.30
885,8.20,7,7.25,7.75,8,,,,8.20,N1,02,23.00,,23.20,24.00,,23.40,23.70
886,7.20,7.25,,,,5.75,6.75,9.25,8,N1,02,,21.80,,,19.80,22.50,
887,8,6.75,5,5.75,5.75,,,,8,N1,02,16.50,,18.80,19.50,,22.80,21.00
888,7.40,5.25,7.50,4,3.75,,,,7.80,N1,02,15.30,,18.90,15.20,,20.50,22.70
889,7,7.50,6,6,4.75,,,,7,N1,02,16.80,,19.00,17.80,,21.50,20.00
890,6.40,6.50,5.25,6,6.25,,,,8,N1,02,17.50,,17.70,18.70,,20.90,19.70
891,7.60,6.50,7.50,5.50,6.25,,,,9,N1,02,19.30,,20.60,19.40,,23.10,24.10
892,7.20,6.75,5.25,6.50,5.50,,,,6.80,N1,02,17.30,,19.00,19.20,,20.80,19.30
893,7.60,6.75,6.50,8,5.25,,,,8.60,N1,02,19.80,,22.10,20.90,,23.00,22.70
894,7,7,,,,5,6,7.75,8.60,N1,02,,18.80,,,18.00,22.60,
895,7.40,7,7,8,6.25,,,,6.60,N1,02,21.30,,22.40,21.70,,21.00,21.00
896,8,7.50,4.75,6.25,5.50,,,,7,N1,02,16.50,,19.00,19.80,,22.50,19.80
897,6.60,7.50,,,,7.25,7.25,9,8.60,N1,02,,23.50,,,22.00,22.70,
898,8,7.50,6.25,7.50,6.25,,,,8,N1,02,20.00,,21.80,21.80,,23.50,22.30
899,7.80,7,4.50,5.50,3.75,,,,8.20,N1,02,13.80,,17.80,17.10,,23.00,20.50
900,7.80,7.50,6,5.25,6,,,,8.60,N1,02,17.30,,19.10,19.10,,23.90,22.40
901,7.20,6.50,6,5.75,5.25,,,,9,N1,02,17.00,,19.00,18.20,,22.70,22.20
902,8.40,7,,,,7.25,8,9.75,8.40,N1,02,,25.00,,,22.30,23.80,
903,6.60,7.50,7,5.75,4.50,,,,8.40,N1,02,17.30,,19.40,16.90,,22.50,22.00
904,7.40,7.50,7,6,4.75,,,,8.80,N1,02,17.80,,20.40,18.20,,23.70,23.20
905,7,7,,,,8.25,7.75,9.50,8.60,N1,02,,25.50,,,23.00,22.60,
906,8,5.50,7.75,8,6,,,,6.80,N1,02,21.80,,23.80,22.00,,20.30,22.60
907,7,5.25,7.25,6.25,6.50,,,,7,N1,02,20.00,,20.50,19.80,,19.30,21.30
908,7,5.50,6.25,4,4.25,,,,7.80,N1,02,14.50,,17.30,15.30,,20.30,21.10
909,7.20,6.50,5.50,6,5.75,,,,6.40,N1,02,17.30,,18.70,19.00,,20.10,19.10
910,8.40,7.25,,,,8.50,7.75,10,8.80,N1,02,,26.30,,,23.50,24.50,
911,7.20,7.50,,,,5.75,7.75,8.25,8.60,N1,02,,21.80,,,21.00,23.30,
912,7.80,5.50,,,,3.25,6.25,7.75,8.20,N1,02,,17.30,,,15.00,21.50,
913,7.80,6.75,6.50,7.75,6,,,,9,N1,02,20.30,,22.10,21.60,,23.60,23.30
914,4.20,4,,,,3.25,4.75,6.75,4.20,N1,02,,14.80,,,12.00,12.40,
915,6.20,6.75,,,,3.25,6.75,8.75,9,N1,02,,18.80,,,16.80,22.00,
916,7.80,7,6.25,7.75,7,,,,8.40,N1,02,21.00,,21.80,22.60,,23.20,22.50
917,6.20,4.50,6.75,5.75,4.75,,,,6,N1,02,17.30,,18.70,16.70,,16.70,19.00
918,8,6.75,5.50,7,6,,,,7.80,N1,02,18.50,,20.50,21.00,,22.60,21.30
919,7,6.25,,,,4.75,7,8.50,9.20,N1,02,,20.30,,,18.00,22.50,
920,7.60,7.75,7,7,5.50,,,,8.80,N1,02,19.50,,21.60,20.10,,24.20,23.40
921,6.80,7,,,,6.50,6,8.25,8.20,N1,02,,20.80,,,19.50,22.00,
922,8.60,6.75,6.75,7.25,4.50,,,,7.60,N1,02,18.50,,22.60,20.40,,23.00,23.00
923,6.60,8.25,,,,6,8.25,9.75,9.20,N1,02,,24.00,,,22.50,24.00,
924,6.20,7.75,5.50,5.25,5.25,,,,6.40,N1,02,16.00,,17.00,16.70,,20.40,18.10
925,8.20,8.50,,,,7.75,9.75,9.50,9.60,N1,02,,27.00,,,26.00,26.30,
926,3,6,,,,3.50,4.50,6.75,2.40,N1,02,,14.80,,,14.00,11.40,
927,7.20,5.50,6.25,6.50,4.75,,,,6,N1,02,17.50,,20.00,18.50,,18.70,19.50
928,6.80,5.83,,,,6.25,6.25,9.75,8.60,N1,02,,22.30,,,18.30,21.20,
929,7.40,6.75,6.75,6.25,5.25,,,,8.20,N1,02,18.30,,20.40,18.90,,22.40,22.40
930,6.60,6.25,,,,5.25,6.75,7.75,8.40,N1,02,,19.80,,,18.30,21.30,
931,8.20,6.50,6.75,7,4.25,,,,8.60,N1,02,18.00,,22.00,19.50,,23.30,23.50
932,7.20,7.50,,,,8,8.25,9.50,8.60,N1,02,,25.80,,,23.80,23.30,
933,7.60,7.50,,,,7.75,7.50,9.50,8.80,N1,02,,24.80,,,22.80,23.90,
934,8,6.75,6.25,8,6.25,,,,8.80,N1,02,20.50,,22.30,22.30,,23.60,23.10
935,6.80,6.75,,,,7,8,9,7.20,N1,02,,24.00,,,21.80,20.80,
936,9,7.75,7.25,7.50,6,,,,9.60,N1,02,20.80,,23.80,22.50,,26.40,25.90
937,6.20,7.25,,,,5.75,7,7.75,6,N1,02,,20.50,,,20.00,19.50,
938,8.20,4.50,6.75,7,5.75,,,,9,N1,02,19.50,,22.00,21.00,,21.70,24.00
939,7.60,6.25,7.75,8.25,4.75,,,,7,N1,02,20.80,,23.60,20.60,,20.90,22.40
940,8,5.75,4.50,6,5,,,,8.40,N1,02,15.50,,18.50,19.00,,22.20,20.90
941,8,5.50,6.50,6,5.75,,,,9.20,N1,02,18.30,,20.50,19.80,,22.70,23.70
942,8.40,4.75,7.75,5.75,6.75,,,,8.60,N1,02,20.30,,21.90,20.90,,21.80,24.80
943,7.80,4.58,7.25,7.25,5.25,,,,9.20,N1,02,19.80,,22.30,20.30,,21.60,24.30
944,7.80,7.75,4,5.75,5,,,,6.80,N1,02,14.80,,17.60,18.60,,22.40,18.60
945,8.20,4.75,7,6.25,5.50,,,,7.40,N1,02,18.80,,21.50,20.00,,20.40,22.60
946,8,6.25,7,4.75,7.50,,,,8.80,N1,02,19.30,,19.80,20.30,,23.10,23.80
947,8,8,6.50,8.25,8,,,,9,N1,02,22.80,,22.80,24.30,,25.00,23.50
948,8.40,6.50,7.75,8.25,5,,,,7,N1,02,21.00,,24.40,21.70,,21.90,23.20
949,7,5.50,5,6,5.75,,,,8.20,N1,02,16.80,,18.00,18.80,,20.70,20.20
950,8.40,5.75,7,7.75,6.25,,,,6.60,N1,02,21.00,,23.20,22.40,,20.80,22.00
951,7.20,7.25,,,,6.25,7.25,9.50,8.40,N1,02,,23.00,,,20.80,22.90,
952,7.20,7.50,4.75,5.50,4.50,,,,8.20,N1,02,14.80,,17.50,17.20,,22.90,20.20
953,8.80,6.92,5.75,7.75,5.25,,,,8.40,N1,02,18.80,,22.30,21.80,,24.10,23.00
954,8.20,6,8.25,7.25,6.50,,,,10,N1,02,22.00,,23.70,22.00,,24.20,26.50
955,7.20,3.75,6.75,7.50,5.25,,,,8.60,N1,02,19.50,,21.50,20.00,,19.50,22.50
956,8.20,7.50,6.50,6.25,6.75,,,,8.60,N1,02,19.50,,21.00,21.20,,24.30,23.30
957,8.40,6.50,7,7,5.50,,,,8.80,N1,02,19.50,,22.40,20.90,,23.70,24.20
958,8.20,7.25,6.25,7.75,7,,,,8,N1,02,21.00,,22.20,23.00,,23.50,22.50
959,8,7.75,6.25,6.50,7,,,,9,N1,02,19.80,,20.80,21.50,,24.80,23.30
